{
  "test_fold": 1,
  "val_fold": 2,
  "test_acc": 0.579610538373425,
  "test_loss": 1.7200884502465752,
  "val_best_acc": 0.5461711711711712,
  "val_best_loss": 1.3303049113601446,
  "classification_report": {
    "0": {
      "precision": 0.4322033898305085,
      "recall": 0.51,
      "f1-score": 0.46788990825688076,
      "support": 100.0
    },
    "1": {
      "precision": 0.875,
      "recall": 0.9722222222222222,
      "f1-score": 0.9210526315789473,
      "support": 36.0
    },
    "2": {
      "precision": 0.506578947368421,
      "recall": 0.77,
      "f1-score": 0.6111111111111112,
      "support": 100.0
    },
    "3": {
      "precision": 0.9324324324324325,
      "recall": 0.69,
      "f1-score": 0.7931034482758621,
      "support": 100.0
    },
    "4": {
      "precision": 0.3973509933774834,
      "recall": 0.6,
      "f1-score": 0.47808764940239046,
      "support": 100.0
    },
    "5": {
      "precision": 0.5769230769230769,
      "recall": 0.625,
      "f1-score": 0.6,
      "support": 96.0
    },
    "6": {
      "precision": 0.8387096774193549,
      "recall": 0.7428571428571429,
      "f1-score": 0.7878787878787878,
      "support": 35.0
    },
    "7": {
      "precision": 0.42592592592592593,
      "recall": 0.19166666666666668,
      "f1-score": 0.26436781609195403,
      "support": 120.0
    },
    "8": {
      "precision": 0.7746478873239436,
      "recall": 0.6395348837209303,
      "f1-score": 0.7006369426751592,
      "support": 86.0
    },
    "9": {
      "precision": 0.6410256410256411,
      "recall": 0.5,
      "f1-score": 0.5617977528089888,
      "support": 100.0
    },
    "accuracy": 0.579610538373425,
    "macro avg": {
      "precision": 0.6400797971626788,
      "recall": 0.6241280915466962,
      "f1-score": 0.6185926048080083,
      "support": 873.0
    },
    "weighted avg": {
      "precision": 0.6012937272837476,
      "recall": 0.579610538373425,
      "f1-score": 0.5744691343633691,
      "support": 873.0
    }
  }
}