{
  "test_fold": 6,
  "val_fold": 7,
  "test_acc": 0.5844471445929527,
  "test_loss": 1.2911714325085855,
  "val_best_acc": 0.5727923627684964,
  "val_best_loss": 1.2242330304294262,
  "classification_report": {
    "0": {
      "precision": 0.3252032520325203,
      "recall": 0.4,
      "f1-score": 0.35874439461883406,
      "support": 100.0
    },
    "1": {
      "precision": 0.7777777777777778,
      "recall": 0.75,
      "f1-score": 0.7636363636363637,
      "support": 28.0
    },
    "2": {
      "precision": 0.7142857142857143,
      "recall": 0.5,
      "f1-score": 0.5882352941176471,
      "support": 100.0
    },
    "3": {
      "precision": 0.9058823529411765,
      "recall": 0.77,
      "f1-score": 0.8324324324324325,
      "support": 100.0
    },
    "4": {
      "precision": 0.5726495726495726,
      "recall": 0.67,
      "f1-score": 0.6175115207373272,
      "support": 100.0
    },
    "5": {
      "precision": 0.6567164179104478,
      "recall": 0.411214953271028,
      "f1-score": 0.5057471264367817,
      "support": 107.0
    },
    "6": {
      "precision": 0.803921568627451,
      "recall": 0.8913043478260869,
      "f1-score": 0.845360824742268,
      "support": 46.0
    },
    "7": {
      "precision": 0.417910447761194,
      "recall": 0.4117647058823529,
      "f1-score": 0.4148148148148148,
      "support": 68.0
    },
    "8": {
      "precision": 0.4819277108433735,
      "recall": 0.5405405405405406,
      "f1-score": 0.5095541401273885,
      "support": 74.0
    },
    "9": {
      "precision": 0.5488721804511278,
      "recall": 0.73,
      "f1-score": 0.6266094420600858,
      "support": 100.0
    },
    "accuracy": 0.5844471445929527,
    "macro avg": {
      "precision": 0.6205146995280355,
      "recall": 0.6074824547520008,
      "f1-score": 0.6062646353723944,
      "support": 823.0
    },
    "weighted avg": {
      "precision": 0.6072863850999276,
      "recall": 0.5844471445929527,
      "f1-score": 0.5864533181314276,
      "support": 823.0
    }
  }
}