{
  "test_fold": 9,
  "val_fold": 10,
  "test_acc": 0.6225490196078431,
  "test_loss": 1.4894149247534099,
  "val_best_acc": 0.6176821983273596,
  "val_best_loss": 1.3605239620115959,
  "classification_report": {
    "0": {
      "precision": 0.6451612903225806,
      "recall": 0.2,
      "f1-score": 0.3053435114503817,
      "support": 100.0
    },
    "1": {
      "precision": 0.5882352941176471,
      "recall": 0.625,
      "f1-score": 0.6060606060606061,
      "support": 32.0
    },
    "2": {
      "precision": 0.49044585987261147,
      "recall": 0.77,
      "f1-score": 0.5992217898832685,
      "support": 100.0
    },
    "3": {
      "precision": 0.6702127659574468,
      "recall": 0.63,
      "f1-score": 0.6494845360824743,
      "support": 100.0
    },
    "4": {
      "precision": 0.5679012345679012,
      "recall": 0.46,
      "f1-score": 0.5082872928176796,
      "support": 100.0
    },
    "5": {
      "precision": 0.7745098039215687,
      "recall": 0.8876404494382022,
      "f1-score": 0.8272251308900523,
      "support": 89.0
    },
    "6": {
      "precision": 0.9259259259259259,
      "recall": 0.8064516129032258,
      "f1-score": 0.8620689655172413,
      "support": 31.0
    },
    "7": {
      "precision": 0.4146341463414634,
      "recall": 0.6219512195121951,
      "f1-score": 0.4975609756097561,
      "support": 82.0
    },
    "8": {
      "precision": 0.8229166666666666,
      "recall": 0.9634146341463414,
      "f1-score": 0.8876404494382022,
      "support": 82.0
    },
    "9": {
      "precision": 0.676056338028169,
      "recall": 0.48,
      "f1-score": 0.5614035087719298,
      "support": 100.0
    },
    "accuracy": 0.6225490196078431,
    "macro avg": {
      "precision": 0.6575999325721981,
      "recall": 0.6444457915999964,
      "f1-score": 0.6304296766521592,
      "support": 816.0
    },
    "weighted avg": {
      "precision": 0.6408278446152275,
      "recall": 0.6225490196078431,
      "f1-score": 0.6074775670694785,
      "support": 816.0
    }
  }
}