{
  "test_fold": 4,
  "val_fold": 5,
  "test_acc": 0.5898989898989899,
  "test_loss": 1.6541401187498723,
  "val_best_acc": 0.6399572649572649,
  "val_best_loss": 1.1139173714791315,
  "classification_report": {
    "0": {
      "precision": 0.5903614457831325,
      "recall": 0.49,
      "f1-score": 0.5355191256830601,
      "support": 100.0
    },
    "1": {
      "precision": 0.49019607843137253,
      "recall": 0.423728813559322,
      "f1-score": 0.45454545454545453,
      "support": 59.0
    },
    "2": {
      "precision": 0.6557377049180327,
      "recall": 0.4,
      "f1-score": 0.4968944099378882,
      "support": 100.0
    },
    "3": {
      "precision": 0.6982758620689655,
      "recall": 0.81,
      "f1-score": 0.75,
      "support": 100.0
    },
    "4": {
      "precision": 0.5221238938053098,
      "recall": 0.59,
      "f1-score": 0.5539906103286385,
      "support": 100.0
    },
    "5": {
      "precision": 0.4682926829268293,
      "recall": 0.897196261682243,
      "f1-score": 0.6153846153846154,
      "support": 107.0
    },
    "6": {
      "precision": 0.8611111111111112,
      "recall": 0.8157894736842105,
      "f1-score": 0.8378378378378378,
      "support": 38.0
    },
    "7": {
      "precision": 0.2894736842105263,
      "recall": 0.18333333333333332,
      "f1-score": 0.22448979591836735,
      "support": 120.0
    },
    "8": {
      "precision": 0.9389312977099237,
      "recall": 0.7409638554216867,
      "f1-score": 0.8282828282828283,
      "support": 166.0
    },
    "9": {
      "precision": 0.4915254237288136,
      "recall": 0.58,
      "f1-score": 0.5321100917431193,
      "support": 100.0
    },
    "accuracy": 0.5898989898989899,
    "macro avg": {
      "precision": 0.6006029184694016,
      "recall": 0.5931011737680796,
      "f1-score": 0.5829054769661809,
      "support": 990.0
    },
    "weighted avg": {
      "precision": 0.6041949277559392,
      "recall": 0.5898989898989899,
      "f1-score": 0.5816033558349472,
      "support": 990.0
    }
  }
}