{
  "test_fold": 7,
  "val_fold": 8,
  "test_acc": 0.5704057279236276,
  "test_loss": 1.2556187800079022,
  "val_best_acc": 0.6637717121588089,
  "val_best_loss": 1.1727838530296497,
  "classification_report": {
    "0": {
      "precision": 0.5,
      "recall": 0.43,
      "f1-score": 0.46236559139784944,
      "support": 100.0
    },
    "1": {
      "precision": 0.5909090909090909,
      "recall": 0.9285714285714286,
      "f1-score": 0.7222222222222222,
      "support": 28.0
    },
    "2": {
      "precision": 0.7261904761904762,
      "recall": 0.61,
      "f1-score": 0.6630434782608695,
      "support": 100.0
    },
    "3": {
      "precision": 0.8877551020408163,
      "recall": 0.87,
      "f1-score": 0.8787878787878788,
      "support": 100.0
    },
    "4": {
      "precision": 0.30612244897959184,
      "recall": 0.3,
      "f1-score": 0.30303030303030304,
      "support": 100.0
    },
    "5": {
      "precision": 0.5901639344262295,
      "recall": 0.6792452830188679,
      "f1-score": 0.631578947368421,
      "support": 106.0
    },
    "6": {
      "precision": 0.918918918918919,
      "recall": 0.6666666666666666,
      "f1-score": 0.7727272727272727,
      "support": 51.0
    },
    "7": {
      "precision": 0.30714285714285716,
      "recall": 0.5657894736842105,
      "f1-score": 0.39814814814814814,
      "support": 76.0
    },
    "8": {
      "precision": 0.5348837209302325,
      "recall": 0.2987012987012987,
      "f1-score": 0.38333333333333336,
      "support": 77.0
    },
    "9": {
      "precision": 0.686046511627907,
      "recall": 0.59,
      "f1-score": 0.6344086021505376,
      "support": 100.0
    },
    "accuracy": 0.5704057279236276,
    "macro avg": {
      "precision": 0.604813306116612,
      "recall": 0.5938974150642472,
      "f1-score": 0.5849645777426836,
      "support": 838.0
    },
    "weighted avg": {
      "precision": 0.5979809713578329,
      "recall": 0.5704057279236276,
      "f1-score": 0.5734107313138849,
      "support": 838.0
    }
  }
}