{
  "test_fold": 5,
  "val_fold": 6,
  "test_acc": 0.6923076923076923,
  "test_loss": 1.351434108422343,
  "val_best_acc": 0.6439854191980559,
  "val_best_loss": 1.0705266603483603,
  "classification_report": {
    "0": {
      "precision": 0.6521739130434783,
      "recall": 0.6,
      "f1-score": 0.625,
      "support": 100.0
    },
    "1": {
      "precision": 0.927536231884058,
      "recall": 0.6530612244897959,
      "f1-score": 0.7664670658682635,
      "support": 98.0
    },
    "2": {
      "precision": 0.7380952380952381,
      "recall": 0.62,
      "f1-score": 0.6739130434782609,
      "support": 100.0
    },
    "3": {
      "precision": 0.8674698795180723,
      "recall": 0.72,
      "f1-score": 0.7868852459016393,
      "support": 100.0
    },
    "4": {
      "precision": 0.3108108108108108,
      "recall": 0.46,
      "f1-score": 0.3709677419354839,
      "support": 100.0
    },
    "5": {
      "precision": 0.8024691358024691,
      "recall": 0.6074766355140186,
      "f1-score": 0.6914893617021277,
      "support": 107.0
    },
    "6": {
      "precision": 0.8478260869565217,
      "recall": 0.975,
      "f1-score": 0.9069767441860465,
      "support": 40.0
    },
    "7": {
      "precision": 0.7671232876712328,
      "recall": 0.9333333333333333,
      "f1-score": 0.8421052631578947,
      "support": 120.0
    },
    "8": {
      "precision": 0.6534653465346535,
      "recall": 0.9295774647887324,
      "f1-score": 0.7674418604651163,
      "support": 71.0
    },
    "9": {
      "precision": 0.7209302325581395,
      "recall": 0.62,
      "f1-score": 0.6666666666666666,
      "support": 100.0
    },
    "accuracy": 0.6923076923076923,
    "macro avg": {
      "precision": 0.7287900162874674,
      "recall": 0.7118448658125879,
      "f1-score": 0.7097912993361499,
      "support": 936.0
    },
    "weighted avg": {
      "precision": 0.724438710748766,
      "recall": 0.6923076923076923,
      "f1-score": 0.6979342707209776,
      "support": 936.0
    }
  }
}