{
  "test_fold": 8,
  "val_fold": 9,
  "test_acc": 0.6352357320099256,
  "test_loss": 1.4230737951310242,
  "val_best_acc": 0.6004901960784313,
  "val_best_loss": 1.3972651587397444,
  "classification_report": {
    "0": {
      "precision": 0.36134453781512604,
      "recall": 0.43,
      "f1-score": 0.3926940639269406,
      "support": 100.0
    },
    "1": {
      "precision": 0.75,
      "recall": 0.9,
      "f1-score": 0.8181818181818182,
      "support": 30.0
    },
    "2": {
      "precision": 0.6774193548387096,
      "recall": 0.63,
      "f1-score": 0.6528497409326425,
      "support": 100.0
    },
    "3": {
      "precision": 0.9101123595505618,
      "recall": 0.81,
      "f1-score": 0.8571428571428571,
      "support": 100.0
    },
    "4": {
      "precision": 0.6040268456375839,
      "recall": 0.9,
      "f1-score": 0.7228915662650602,
      "support": 100.0
    },
    "5": {
      "precision": 0.5106382978723404,
      "recall": 0.2727272727272727,
      "f1-score": 0.35555555555555557,
      "support": 88.0
    },
    "6": {
      "precision": 0.9310344827586207,
      "recall": 0.9,
      "f1-score": 0.9152542372881356,
      "support": 30.0
    },
    "7": {
      "precision": 0.5882352941176471,
      "recall": 0.2564102564102564,
      "f1-score": 0.35714285714285715,
      "support": 78.0
    },
    "8": {
      "precision": 0.7289719626168224,
      "recall": 0.975,
      "f1-score": 0.8342245989304813,
      "support": 80.0
    },
    "9": {
      "precision": 0.5728155339805825,
      "recall": 0.59,
      "f1-score": 0.5812807881773399,
      "support": 100.0
    },
    "accuracy": 0.6352357320099256,
    "macro avg": {
      "precision": 0.6634598669187995,
      "recall": 0.6664137529137528,
      "f1-score": 0.6487218083543688,
      "support": 806.0
    },
    "weighted avg": {
      "precision": 0.6354084092162571,
      "recall": 0.6352357320099256,
      "f1-score": 0.6185769019467158,
      "support": 806.0
    }
  }
}