{
  "test_fold": 10,
  "val_fold": 1,
  "test_acc": 0.6272401433691757,
  "test_loss": 1.3844906085188378,
  "val_best_acc": 0.5899198167239404,
  "val_best_loss": 1.366874480789358,
  "classification_report": {
    "0": {
      "precision": 0.8041237113402062,
      "recall": 0.78,
      "f1-score": 0.7918781725888325,
      "support": 100.0
    },
    "1": {
      "precision": 0.7297297297297297,
      "recall": 0.8181818181818182,
      "f1-score": 0.7714285714285715,
      "support": 33.0
    },
    "2": {
      "precision": 0.4807692307692308,
      "recall": 0.5,
      "f1-score": 0.49019607843137253,
      "support": 100.0
    },
    "3": {
      "precision": 0.78125,
      "recall": 0.75,
      "f1-score": 0.7653061224489796,
      "support": 100.0
    },
    "4": {
      "precision": 0.6170212765957447,
      "recall": 0.29,
      "f1-score": 0.3945578231292517,
      "support": 100.0
    },
    "5": {
      "precision": 0.5253164556962026,
      "recall": 0.8924731182795699,
      "f1-score": 0.6613545816733067,
      "support": 93.0
    },
    "6": {
      "precision": 0.84375,
      "recall": 0.84375,
      "f1-score": 0.84375,
      "support": 32.0
    },
    "7": {
      "precision": 0.5657894736842105,
      "recall": 0.4479166666666667,
      "f1-score": 0.5,
      "support": 96.0
    },
    "8": {
      "precision": 0.5571428571428572,
      "recall": 0.46987951807228917,
      "f1-score": 0.5098039215686274,
      "support": 83.0
    },
    "9": {
      "precision": 0.6166666666666667,
      "recall": 0.74,
      "f1-score": 0.6727272727272727,
      "support": 100.0
    },
    "accuracy": 0.6272401433691757,
    "macro avg": {
      "precision": 0.6521559401624849,
      "recall": 0.6532201121200344,
      "f1-score": 0.6401002543996215,
      "support": 837.0
    },
    "weighted avg": {
      "precision": 0.6337840461344731,
      "recall": 0.6272401433691757,
      "f1-score": 0.6161808738058869,
      "support": 837.0
    }
  }
}