{
  "test_fold": 3,
  "val_fold": 4,
  "test_acc": 0.5686486486486486,
  "test_loss": 1.3929791618519913,
  "val_best_acc": 0.5959595959595959,
  "val_best_loss": 1.3946361884234413,
  "classification_report": {
    "0": {
      "precision": 0.5,
      "recall": 0.32,
      "f1-score": 0.3902439024390244,
      "support": 100.0
    },
    "1": {
      "precision": 0.9523809523809523,
      "recall": 0.9302325581395349,
      "f1-score": 0.9411764705882353,
      "support": 43.0
    },
    "2": {
      "precision": 0.5566037735849056,
      "recall": 0.59,
      "f1-score": 0.5728155339805825,
      "support": 100.0
    },
    "3": {
      "precision": 0.8433734939759037,
      "recall": 0.7,
      "f1-score": 0.7650273224043715,
      "support": 100.0
    },
    "4": {
      "precision": 0.4382716049382716,
      "recall": 0.71,
      "f1-score": 0.5419847328244275,
      "support": 100.0
    },
    "5": {
      "precision": 0.5074626865671642,
      "recall": 0.3177570093457944,
      "f1-score": 0.39080459770114945,
      "support": 107.0
    },
    "6": {
      "precision": 0.868421052631579,
      "recall": 0.9166666666666666,
      "f1-score": 0.8918918918918919,
      "support": 36.0
    },
    "7": {
      "precision": 0.29936305732484075,
      "recall": 0.39166666666666666,
      "f1-score": 0.33935018050541516,
      "support": 120.0
    },
    "8": {
      "precision": 0.7218045112781954,
      "recall": 0.8067226890756303,
      "f1-score": 0.7619047619047619,
      "support": 119.0
    },
    "9": {
      "precision": 0.6027397260273972,
      "recall": 0.44,
      "f1-score": 0.5086705202312138,
      "support": 100.0
    },
    "accuracy": 0.5686486486486486,
    "macro avg": {
      "precision": 0.6290420858709209,
      "recall": 0.6123045589894293,
      "f1-score": 0.6103869914471074,
      "support": 925.0
    },
    "weighted avg": {
      "precision": 0.5864121187930145,
      "recall": 0.5686486486486486,
      "f1-score": 0.5661164084461662,
      "support": 925.0
    }
  }
}