{
  "test_fold": 2,
  "val_fold": 3,
  "test_acc": 0.5112612612612613,
  "test_loss": 1.7961813719677073,
  "val_best_acc": 0.4908108108108108,
  "val_best_loss": 1.373606179294915,
  "classification_report": {
    "0": {
      "precision": 0.5263157894736842,
      "recall": 0.3,
      "f1-score": 0.3821656050955414,
      "support": 100.0
    },
    "1": {
      "precision": 0.7058823529411765,
      "recall": 0.2857142857142857,
      "f1-score": 0.4067796610169492,
      "support": 42.0
    },
    "2": {
      "precision": 0.5,
      "recall": 0.53,
      "f1-score": 0.5145631067961165,
      "support": 100.0
    },
    "3": {
      "precision": 0.7053571428571429,
      "recall": 0.79,
      "f1-score": 0.7452830188679245,
      "support": 100.0
    },
    "4": {
      "precision": 0.5,
      "recall": 0.42,
      "f1-score": 0.45652173913043476,
      "support": 100.0
    },
    "5": {
      "precision": 0.3652694610778443,
      "recall": 0.61,
      "f1-score": 0.45692883895131087,
      "support": 100.0
    },
    "6": {
      "precision": 0.5964912280701754,
      "recall": 0.9714285714285714,
      "f1-score": 0.7391304347826086,
      "support": 35.0
    },
    "7": {
      "precision": 0.375,
      "recall": 0.05,
      "f1-score": 0.08823529411764706,
      "support": 120.0
    },
    "8": {
      "precision": 0.5163934426229508,
      "recall": 0.6923076923076923,
      "f1-score": 0.5915492957746479,
      "support": 91.0
    },
    "9": {
      "precision": 0.49333333333333335,
      "recall": 0.74,
      "f1-score": 0.592,
      "support": 100.0
    },
    "accuracy": 0.5112612612612613,
    "macro avg": {
      "precision": 0.5284042750376308,
      "recall": 0.538945054945055,
      "f1-score": 0.49731569945331805,
      "support": 888.0
    },
    "weighted avg": {
      "precision": 0.5084950763050389,
      "recall": 0.5112612612612613,
      "f1-score": 0.47536009355162906,
      "support": 888.0
    }
  }
}