{
  "model": "rnn",
  "acc_mean": 0.5981604897993542,
  "acc_std": 0.04884426086352349,
  "folds": [
    1,
    2,
    3,
    4,
    5,
    6,
    7,
    8,
    9,
    10
  ]
}