{
  "test": {
    "acc": 0.6861397479954181,
    "loss": 1.0709034997080875
  },
  "best_val": {
    "acc": 0.7371565113500598,
    "loss": 0.8166242283681091
  },
  "confusion_matrix": [
    [
      72,
      0,
      14,
      1,
      0,
      4,
      0,
      9,
      0,
      0
    ],
    [
      0,
      19,
      0,
      1,
      0,
      0,
      6,
      0,
      1,
      9
    ],
    [
      1,
      0,
      93,
      4,
      0,
      1,
      0,
      0,
      0,
      1
    ],
    [
      1,
      0,
      8,
      72,
      1,
      2,
      10,
      0,
      6,
      0
    ],
    [
      8,
      0,
      9,
      5,
      52,
      1,
      0,
      5,
      20,
      0
    ],
    [
      6,
      0,
      0,
      0,
      31,
      58,
      0,
      0,
      1,
      0
    ],
    [
      0,
      0,
      0,
      5,
      1,
      0,
      28,
      1,
      0,
      0
    ],
    [
      20,
      0,
      0,
      0,
      9,
      39,
      0,
      52,
      0,
      0
    ],
    [
      1,
      0,
      7,
      0,
      0,
      3,
      0,
      0,
      75,
      0
    ],
    [
      9,
      0,
      5,
      0,
      0,
      0,
      0,
      3,
      5,
      78
    ]
  ],
  "classification_report": {
    "0": {
      "precision": 0.6101694915254238,
      "recall": 0.72,
      "f1-score": 0.6605504587155964,
      "support": 100.0
    },
    "1": {
      "precision": 1.0,
      "recall": 0.5277777777777778,
      "f1-score": 0.6909090909090909,
      "support": 36.0
    },
    "2": {
      "precision": 0.6838235294117647,
      "recall": 0.93,
      "f1-score": 0.788135593220339,
      "support": 100.0
    },
    "3": {
      "precision": 0.8181818181818182,
      "recall": 0.72,
      "f1-score": 0.7659574468085106,
      "support": 100.0
    },
    "4": {
      "precision": 0.5531914893617021,
      "recall": 0.52,
      "f1-score": 0.5360824742268041,
      "support": 100.0
    },
    "5": {
      "precision": 0.5370370370370371,
      "recall": 0.6041666666666666,
      "f1-score": 0.5686274509803921,
      "support": 96.0
    },
    "6": {
      "precision": 0.6363636363636364,
      "recall": 0.8,
      "f1-score": 0.7088607594936709,
      "support": 35.0
    },
    "7": {
      "precision": 0.7428571428571429,
      "recall": 0.43333333333333335,
      "f1-score": 0.5473684210526316,
      "support": 120.0
    },
    "8": {
      "precision": 0.6944444444444444,
      "recall": 0.872093023255814,
      "f1-score": 0.7731958762886598,
      "support": 86.0
    },
    "9": {
      "precision": 0.8863636363636364,
      "recall": 0.78,
      "f1-score": 0.8297872340425532,
      "support": 100.0
    },
    "accuracy": 0.6861397479954181,
    "macro avg": {
      "precision": 0.7162432225546607,
      "recall": 0.6907370801033592,
      "f1-score": 0.6869474805738248,
      "support": 873.0
    },
    "weighted avg": {
      "precision": 0.7031687957363078,
      "recall": 0.6861397479954181,
      "f1-score": 0.6809867877865341,
      "support": 873.0
    }
  }
}