{
  "test": {
    "acc": 0.5555555555555556,
    "loss": 1.1907620663669976
  },
  "best_val": {
    "acc": 0.5949820788530465,
    "loss": 1.0568041677744884
  },
  "confusion_matrix": [
    [
      19,
      0,
      18,
      6,
      2,
      32,
      0,
      23,
      0,
      0
    ],
    [
      0,
      14,
      0,
      1,
      0,
      0,
      9,
      0,
      3,
      9
    ],
    [
      0,
      0,
      96,
      3,
      0,
      1,
      0,
      0,
      0,
      0
    ],
    [
      0,
      0,
      8,
      72,
      0,
      7,
      6,
      0,
      7,
      0
    ],
    [
      0,
      0,
      11,
      4,
      50,
      8,
      1,
      7,
      17,
      2
    ],
    [
      0,
      0,
      0,
      0,
      31,
      62,
      0,
      0,
      3,
      0
    ],
    [
      0,
      0,
      0,
      19,
      5,
      0,
      11,
      0,
      0,
      0
    ],
    [
      0,
      0,
      0,
      0,
      0,
      79,
      0,
      41,
      0,
      0
    ],
    [
      0,
      0,
      5,
      0,
      0,
      6,
      0,
      0,
      75,
      0
    ],
    [
      2,
      0,
      33,
      0,
      0,
      9,
      0,
      2,
      9,
      45
    ]
  ],
  "classification_report": {
    "0": {
      "precision": 0.9047619047619048,
      "recall": 0.19,
      "f1-score": 0.3140495867768595,
      "support": 100.0
    },
    "1": {
      "precision": 1.0,
      "recall": 0.3888888888888889,
      "f1-score": 0.56,
      "support": 36.0
    },
    "2": {
      "precision": 0.5614035087719298,
      "recall": 0.96,
      "f1-score": 0.7084870848708487,
      "support": 100.0
    },
    "3": {
      "precision": 0.6857142857142857,
      "recall": 0.72,
      "f1-score": 0.7024390243902439,
      "support": 100.0
    },
    "4": {
      "precision": 0.5681818181818182,
      "recall": 0.5,
      "f1-score": 0.5319148936170213,
      "support": 100.0
    },
    "5": {
      "precision": 0.30392156862745096,
      "recall": 0.6458333333333334,
      "f1-score": 0.41333333333333333,
      "support": 96.0
    },
    "6": {
      "precision": 0.4074074074074074,
      "recall": 0.3142857142857143,
      "f1-score": 0.3548387096774194,
      "support": 35.0
    },
    "7": {
      "precision": 0.5616438356164384,
      "recall": 0.3416666666666667,
      "f1-score": 0.42487046632124353,
      "support": 120.0
    },
    "8": {
      "precision": 0.6578947368421053,
      "recall": 0.872093023255814,
      "f1-score": 0.75,
      "support": 86.0
    },
    "9": {
      "precision": 0.8035714285714286,
      "recall": 0.45,
      "f1-score": 0.5769230769230769,
      "support": 100.0
    },
    "accuracy": 0.5555555555555556,
    "macro avg": {
      "precision": 0.6454500494494769,
      "recall": 0.5382767626430417,
      "f1-score": 0.5336856175910046,
      "support": 873.0
    },
    "weighted avg": {
      "precision": 0.6366268408820446,
      "recall": 0.5555555555555556,
      "f1-score": 0.5396622880355829,
      "support": 873.0
    }
  }
}