{
  "test_fold": 7,
  "val_fold": 8,
  "test_acc": 0.6324582338902148,
  "test_loss": 1.0761696850916125,
  "val_best_acc": 0.6662531017369727,
  "val_best_loss": 1.1730243771099578,
  "classification_report": {
    "0": {
      "precision": 0.44936708860759494,
      "recall": 0.71,
      "f1-score": 0.5503875968992248,
      "support": 100.0
    },
    "1": {
      "precision": 0.875,
      "recall": 0.75,
      "f1-score": 0.8076923076923077,
      "support": 28.0
    },
    "2": {
      "precision": 0.7708333333333334,
      "recall": 0.74,
      "f1-score": 0.7551020408163265,
      "support": 100.0
    },
    "3": {
      "precision": 0.9397590361445783,
      "recall": 0.78,
      "f1-score": 0.8524590163934426,
      "support": 100.0
    },
    "4": {
      "precision": 0.717391304347826,
      "recall": 0.33,
      "f1-score": 0.4520547945205479,
      "support": 100.0
    },
    "5": {
      "precision": 0.5915492957746479,
      "recall": 0.39622641509433965,
      "f1-score": 0.4745762711864407,
      "support": 106.0
    },
    "6": {
      "precision": 1.0,
      "recall": 0.9607843137254902,
      "f1-score": 0.98,
      "support": 51.0
    },
    "7": {
      "precision": 0.2328767123287671,
      "recall": 0.2236842105263158,
      "f1-score": 0.22818791946308725,
      "support": 76.0
    },
    "8": {
      "precision": 0.44,
      "recall": 0.8571428571428571,
      "f1-score": 0.5814977973568282,
      "support": 77.0
    },
    "9": {
      "precision": 0.8977272727272727,
      "recall": 0.79,
      "f1-score": 0.8404255319148937,
      "support": 100.0
    },
    "accuracy": 0.6324582338902148,
    "macro avg": {
      "precision": 0.691450404326402,
      "recall": 0.6537837796489002,
      "f1-score": 0.6522383276243099,
      "support": 838.0
    },
    "weighted avg": {
      "precision": 0.6769578269751307,
      "recall": 0.6324582338902148,
      "f1-score": 0.6325310020182114,
      "support": 838.0
    }
  }
}