{
  "test_fold": 4,
  "val_fold": 5,
  "test_acc": 0.5848484848484848,
  "test_loss": 1.2824450274628978,
  "val_best_acc": 0.5470085470085471,
  "val_best_loss": 1.2000912105254198,
  "classification_report": {
    "0": {
      "precision": 0.2549019607843137,
      "recall": 0.13,
      "f1-score": 0.17218543046357615,
      "support": 100.0
    },
    "1": {
      "precision": 1.0,
      "recall": 0.2542372881355932,
      "f1-score": 0.40540540540540543,
      "support": 59.0
    },
    "2": {
      "precision": 0.8157894736842105,
      "recall": 0.62,
      "f1-score": 0.7045454545454546,
      "support": 100.0
    },
    "3": {
      "precision": 0.8068181818181818,
      "recall": 0.71,
      "f1-score": 0.7553191489361702,
      "support": 100.0
    },
    "4": {
      "precision": 0.45806451612903226,
      "recall": 0.71,
      "f1-score": 0.5568627450980392,
      "support": 100.0
    },
    "5": {
      "precision": 0.398876404494382,
      "recall": 0.6635514018691588,
      "f1-score": 0.4982456140350877,
      "support": 107.0
    },
    "6": {
      "precision": 0.6862745098039216,
      "recall": 0.9210526315789473,
      "f1-score": 0.7865168539325843,
      "support": 38.0
    },
    "7": {
      "precision": 0.40559440559440557,
      "recall": 0.48333333333333334,
      "f1-score": 0.44106463878326996,
      "support": 120.0
    },
    "8": {
      "precision": 0.8176100628930818,
      "recall": 0.7831325301204819,
      "f1-score": 0.8,
      "support": 166.0
    },
    "9": {
      "precision": 0.7162162162162162,
      "recall": 0.53,
      "f1-score": 0.6091954022988506,
      "support": 100.0
    },
    "accuracy": 0.5848484848484848,
    "macro avg": {
      "precision": 0.6360145731417746,
      "recall": 0.5805307185037515,
      "f1-score": 0.5729340693498438,
      "support": 990.0
    },
    "weighted avg": {
      "precision": 0.6235675157860845,
      "recall": 0.5848484848484848,
      "f1-score": 0.5784418331902151,
      "support": 990.0
    }
  }
}