{
  "test_fold": 10,
  "val_fold": 1,
  "test_acc": 0.5770609318996416,
  "test_loss": 1.1511731686175994,
  "val_best_acc": 0.6586483390607102,
  "val_best_loss": 1.015703604302623,
  "classification_report": {
    "0": {
      "precision": 0.4153846153846154,
      "recall": 0.27,
      "f1-score": 0.32727272727272727,
      "support": 100.0
    },
    "1": {
      "precision": 0.5882352941176471,
      "recall": 0.30303030303030304,
      "f1-score": 0.4,
      "support": 33.0
    },
    "2": {
      "precision": 0.4528301886792453,
      "recall": 0.72,
      "f1-score": 0.555984555984556,
      "support": 100.0
    },
    "3": {
      "precision": 0.7176470588235294,
      "recall": 0.61,
      "f1-score": 0.6594594594594595,
      "support": 100.0
    },
    "4": {
      "precision": 0.6619718309859155,
      "recall": 0.47,
      "f1-score": 0.5497076023391813,
      "support": 100.0
    },
    "5": {
      "precision": 0.47560975609756095,
      "recall": 0.8387096774193549,
      "f1-score": 0.6070038910505836,
      "support": 93.0
    },
    "6": {
      "precision": 0.7096774193548387,
      "recall": 0.6875,
      "f1-score": 0.6984126984126984,
      "support": 32.0
    },
    "7": {
      "precision": 0.6538461538461539,
      "recall": 0.53125,
      "f1-score": 0.5862068965517241,
      "support": 96.0
    },
    "8": {
      "precision": 0.6382978723404256,
      "recall": 0.3614457831325301,
      "f1-score": 0.46153846153846156,
      "support": 83.0
    },
    "9": {
      "precision": 0.7083333333333334,
      "recall": 0.85,
      "f1-score": 0.7727272727272727,
      "support": 100.0
    },
    "accuracy": 0.5770609318996416,
    "macro avg": {
      "precision": 0.6021833522963265,
      "recall": 0.5641935763582188,
      "f1-score": 0.5618313565336664,
      "support": 837.0
    },
    "weighted avg": {
      "precision": 0.594644929912139,
      "recall": 0.5770609318996416,
      "f1-score": 0.5652321199186238,
      "support": 837.0
    }
  }
}