{
  "test_fold": 1,
  "val_fold": 2,
  "test_acc": 0.6357388316151202,
  "test_loss": 1.1029405682855709,
  "val_best_acc": 0.6103603603603603,
  "val_best_loss": 1.0266429620927997,
  "classification_report": {
    "0": {
      "precision": 0.30434782608695654,
      "recall": 0.14,
      "f1-score": 0.1917808219178082,
      "support": 100.0
    },
    "1": {
      "precision": 1.0,
      "recall": 0.8333333333333334,
      "f1-score": 0.9090909090909091,
      "support": 36.0
    },
    "2": {
      "precision": 0.6506849315068494,
      "recall": 0.95,
      "f1-score": 0.7723577235772358,
      "support": 100.0
    },
    "3": {
      "precision": 0.7647058823529411,
      "recall": 0.78,
      "f1-score": 0.7722772277227723,
      "support": 100.0
    },
    "4": {
      "precision": 0.4827586206896552,
      "recall": 0.56,
      "f1-score": 0.5185185185185185,
      "support": 100.0
    },
    "5": {
      "precision": 0.36666666666666664,
      "recall": 0.5729166666666666,
      "f1-score": 0.44715447154471544,
      "support": 96.0
    },
    "6": {
      "precision": 0.75,
      "recall": 0.6857142857142857,
      "f1-score": 0.7164179104477612,
      "support": 35.0
    },
    "7": {
      "precision": 0.7843137254901961,
      "recall": 0.6666666666666666,
      "f1-score": 0.7207207207207207,
      "support": 120.0
    },
    "8": {
      "precision": 0.7450980392156863,
      "recall": 0.8837209302325582,
      "f1-score": 0.8085106382978723,
      "support": 86.0
    },
    "9": {
      "precision": 1.0,
      "recall": 0.47,
      "f1-score": 0.6394557823129252,
      "support": 100.0
    },
    "accuracy": 0.6357388316151202,
    "macro avg": {
      "precision": 0.6848575692008951,
      "recall": 0.6542351882613511,
      "f1-score": 0.6496284724151239,
      "support": 873.0
    },
    "weighted avg": {
      "precision": 0.6596744610481245,
      "recall": 0.6357388316151202,
      "f1-score": 0.6256427693542571,
      "support": 873.0
    }
  }
}