{
  "test_fold": 8,
  "val_fold": 9,
  "test_acc": 0.6253101736972705,
  "test_loss": 1.3420540231700038,
  "val_best_acc": 0.7254901960784313,
  "val_best_loss": 1.0986775867823584,
  "classification_report": {
    "0": {
      "precision": 0.46511627906976744,
      "recall": 0.4,
      "f1-score": 0.43010752688172044,
      "support": 100.0
    },
    "1": {
      "precision": 0.8260869565217391,
      "recall": 0.6333333333333333,
      "f1-score": 0.7169811320754716,
      "support": 30.0
    },
    "2": {
      "precision": 0.5789473684210527,
      "recall": 0.77,
      "f1-score": 0.6609442060085837,
      "support": 100.0
    },
    "3": {
      "precision": 1.0,
      "recall": 0.7,
      "f1-score": 0.8235294117647058,
      "support": 100.0
    },
    "4": {
      "precision": 0.6610169491525424,
      "recall": 0.78,
      "f1-score": 0.7155963302752294,
      "support": 100.0
    },
    "5": {
      "precision": 0.5212765957446809,
      "recall": 0.5568181818181818,
      "f1-score": 0.5384615384615384,
      "support": 88.0
    },
    "6": {
      "precision": 0.9090909090909091,
      "recall": 1.0,
      "f1-score": 0.9523809523809523,
      "support": 30.0
    },
    "7": {
      "precision": 0.75,
      "recall": 0.38461538461538464,
      "f1-score": 0.5084745762711864,
      "support": 78.0
    },
    "8": {
      "precision": 0.44155844155844154,
      "recall": 0.425,
      "f1-score": 0.43312101910828027,
      "support": 80.0
    },
    "9": {
      "precision": 0.5833333333333334,
      "recall": 0.77,
      "f1-score": 0.6637931034482759,
      "support": 100.0
    },
    "accuracy": 0.6253101736972705,
    "macro avg": {
      "precision": 0.6736426832892467,
      "recall": 0.64197668997669,
      "f1-score": 0.6443389796675945,
      "support": 806.0
    },
    "weighted avg": {
      "precision": 0.6458979462980847,
      "recall": 0.6253101736972705,
      "f1-score": 0.6218030201414076,
      "support": 806.0
    }
  }
}