{
  "test_fold": 6,
  "val_fold": 7,
  "test_acc": 0.488456865127582,
  "test_loss": 1.3180639328291783,
  "val_best_acc": 0.5620525059665871,
  "val_best_loss": 1.3131994582572073,
  "classification_report": {
    "0": {
      "precision": 0.2764227642276423,
      "recall": 0.34,
      "f1-score": 0.30493273542600896,
      "support": 100.0
    },
    "1": {
      "precision": 0.34782608695652173,
      "recall": 0.5714285714285714,
      "f1-score": 0.43243243243243246,
      "support": 28.0
    },
    "2": {
      "precision": 0.6666666666666666,
      "recall": 0.34,
      "f1-score": 0.4503311258278146,
      "support": 100.0
    },
    "3": {
      "precision": 0.9245283018867925,
      "recall": 0.49,
      "f1-score": 0.6405228758169934,
      "support": 100.0
    },
    "4": {
      "precision": 0.5138888888888888,
      "recall": 0.74,
      "f1-score": 0.6065573770491803,
      "support": 100.0
    },
    "5": {
      "precision": 0.7142857142857143,
      "recall": 0.14018691588785046,
      "f1-score": 0.234375,
      "support": 107.0
    },
    "6": {
      "precision": 0.7083333333333334,
      "recall": 0.7391304347826086,
      "f1-score": 0.723404255319149,
      "support": 46.0
    },
    "7": {
      "precision": 0.43333333333333335,
      "recall": 0.5735294117647058,
      "f1-score": 0.4936708860759494,
      "support": 68.0
    },
    "8": {
      "precision": 0.8636363636363636,
      "recall": 0.25675675675675674,
      "f1-score": 0.3958333333333333,
      "support": 74.0
    },
    "9": {
      "precision": 0.39111111111111113,
      "recall": 0.88,
      "f1-score": 0.5415384615384615,
      "support": 100.0
    },
    "accuracy": 0.488456865127582,
    "macro avg": {
      "precision": 0.5840032564326367,
      "recall": 0.5071032090620493,
      "f1-score": 0.4823598482819323,
      "support": 823.0
    },
    "weighted avg": {
      "precision": 0.5946398129411361,
      "recall": 0.488456865127582,
      "f1-score": 0.47109644391065136,
      "support": 823.0
    }
  }
}