{
  "test_fold": 5,
  "val_fold": 6,
  "test_acc": 0.6292735042735043,
  "test_loss": 1.0730293675925646,
  "val_best_acc": 0.5953827460510328,
  "val_best_loss": 1.1792442185374408,
  "classification_report": {
    "0": {
      "precision": 0.55,
      "recall": 0.44,
      "f1-score": 0.4888888888888889,
      "support": 100.0
    },
    "1": {
      "precision": 0.782608695652174,
      "recall": 0.3673469387755102,
      "f1-score": 0.5,
      "support": 98.0
    },
    "2": {
      "precision": 0.7159090909090909,
      "recall": 0.63,
      "f1-score": 0.6702127659574468,
      "support": 100.0
    },
    "3": {
      "precision": 0.796875,
      "recall": 0.51,
      "f1-score": 0.6219512195121951,
      "support": 100.0
    },
    "4": {
      "precision": 0.44339622641509435,
      "recall": 0.47,
      "f1-score": 0.4563106796116505,
      "support": 100.0
    },
    "5": {
      "precision": 0.6964285714285714,
      "recall": 0.7289719626168224,
      "f1-score": 0.7123287671232876,
      "support": 107.0
    },
    "6": {
      "precision": 0.4020618556701031,
      "recall": 0.975,
      "f1-score": 0.5693430656934306,
      "support": 40.0
    },
    "7": {
      "precision": 0.6358695652173914,
      "recall": 0.975,
      "f1-score": 0.7697368421052632,
      "support": 120.0
    },
    "8": {
      "precision": 0.6,
      "recall": 0.8028169014084507,
      "f1-score": 0.6867469879518072,
      "support": 71.0
    },
    "9": {
      "precision": 0.890625,
      "recall": 0.57,
      "f1-score": 0.6951219512195121,
      "support": 100.0
    },
    "accuracy": 0.6292735042735043,
    "macro avg": {
      "precision": 0.6513774005292425,
      "recall": 0.6469135802800784,
      "f1-score": 0.6170641168063482,
      "support": 936.0
    },
    "weighted avg": {
      "precision": 0.6686761357928204,
      "recall": 0.6292735042735043,
      "f1-score": 0.622189004728748,
      "support": 936.0
    }
  }
}