{
  "test_fold": 3,
  "val_fold": 4,
  "test_acc": 0.6075675675675676,
  "test_loss": 1.2166133727557187,
  "val_best_acc": 0.5777777777777777,
  "val_best_loss": 1.2028215215090783,
  "classification_report": {
    "0": {
      "precision": 0.4639175257731959,
      "recall": 0.45,
      "f1-score": 0.45685279187817257,
      "support": 100.0
    },
    "1": {
      "precision": 0.7708333333333334,
      "recall": 0.8604651162790697,
      "f1-score": 0.8131868131868132,
      "support": 43.0
    },
    "2": {
      "precision": 0.6964285714285714,
      "recall": 0.78,
      "f1-score": 0.7358490566037735,
      "support": 100.0
    },
    "3": {
      "precision": 0.8214285714285714,
      "recall": 0.69,
      "f1-score": 0.75,
      "support": 100.0
    },
    "4": {
      "precision": 0.9444444444444444,
      "recall": 0.51,
      "f1-score": 0.6623376623376623,
      "support": 100.0
    },
    "5": {
      "precision": 0.26605504587155965,
      "recall": 0.27102803738317754,
      "f1-score": 0.26851851851851855,
      "support": 107.0
    },
    "6": {
      "precision": 0.5806451612903226,
      "recall": 1.0,
      "f1-score": 0.7346938775510204,
      "support": 36.0
    },
    "7": {
      "precision": 0.44594594594594594,
      "recall": 0.825,
      "f1-score": 0.5789473684210527,
      "support": 120.0
    },
    "8": {
      "precision": 0.9629629629629629,
      "recall": 0.4369747899159664,
      "f1-score": 0.6011560693641619,
      "support": 119.0
    },
    "9": {
      "precision": 0.7951807228915663,
      "recall": 0.66,
      "f1-score": 0.7213114754098361,
      "support": 100.0
    },
    "accuracy": 0.6075675675675676,
    "macro avg": {
      "precision": 0.6747842285370474,
      "recall": 0.6483467943578214,
      "f1-score": 0.6322853633271011,
      "support": 925.0
    },
    "weighted avg": {
      "precision": 0.6732573391900356,
      "recall": 0.6075675675675676,
      "f1-score": 0.6095068639223322,
      "support": 925.0
    }
  }
}