{
  "test_fold": 2,
  "val_fold": 3,
  "test_acc": 0.6295045045045045,
  "test_loss": 1.112136303580233,
  "val_best_acc": 0.5772972972972973,
  "val_best_loss": 1.0546453921084196,
  "classification_report": {
    "0": {
      "precision": 0.3656387665198238,
      "recall": 0.83,
      "f1-score": 0.5076452599388379,
      "support": 100.0
    },
    "1": {
      "precision": 0.6578947368421053,
      "recall": 0.5952380952380952,
      "f1-score": 0.625,
      "support": 42.0
    },
    "2": {
      "precision": 0.7575757575757576,
      "recall": 0.75,
      "f1-score": 0.7537688442211056,
      "support": 100.0
    },
    "3": {
      "precision": 0.8058252427184466,
      "recall": 0.83,
      "f1-score": 0.8177339901477833,
      "support": 100.0
    },
    "4": {
      "precision": 0.59,
      "recall": 0.59,
      "f1-score": 0.59,
      "support": 100.0
    },
    "5": {
      "precision": 0.627906976744186,
      "recall": 0.54,
      "f1-score": 0.5806451612903226,
      "support": 100.0
    },
    "6": {
      "precision": 0.4915254237288136,
      "recall": 0.8285714285714286,
      "f1-score": 0.6170212765957447,
      "support": 35.0
    },
    "7": {
      "precision": 1.0,
      "recall": 0.05,
      "f1-score": 0.09523809523809523,
      "support": 120.0
    },
    "8": {
      "precision": 0.7634408602150538,
      "recall": 0.7802197802197802,
      "f1-score": 0.7717391304347826,
      "support": 91.0
    },
    "9": {
      "precision": 0.961038961038961,
      "recall": 0.74,
      "f1-score": 0.8361581920903954,
      "support": 100.0
    },
    "accuracy": 0.6295045045045045,
    "macro avg": {
      "precision": 0.7020846725383147,
      "recall": 0.6534029304029304,
      "f1-score": 0.6194949949957067,
      "support": 888.0
    },
    "weighted avg": {
      "precision": 0.7264714611679777,
      "recall": 0.6295045045045045,
      "f1-score": 0.6059659028691803,
      "support": 888.0
    }
  }
}