{
  "test_fold": 9,
  "val_fold": 10,
  "test_acc": 0.5735294117647058,
  "test_loss": 1.22784628266213,
  "val_best_acc": 0.6248506571087217,
  "val_best_loss": 1.0094823657341723,
  "classification_report": {
    "0": {
      "precision": 0.5714285714285714,
      "recall": 0.12,
      "f1-score": 0.19834710743801653,
      "support": 100.0
    },
    "1": {
      "precision": 0.625,
      "recall": 0.9375,
      "f1-score": 0.75,
      "support": 32.0
    },
    "2": {
      "precision": 0.6095890410958904,
      "recall": 0.89,
      "f1-score": 0.7235772357723578,
      "support": 100.0
    },
    "3": {
      "precision": 0.5575221238938053,
      "recall": 0.63,
      "f1-score": 0.5915492957746479,
      "support": 100.0
    },
    "4": {
      "precision": 0.48717948717948717,
      "recall": 0.38,
      "f1-score": 0.42696629213483145,
      "support": 100.0
    },
    "5": {
      "precision": 0.5568181818181818,
      "recall": 0.550561797752809,
      "f1-score": 0.5536723163841808,
      "support": 89.0
    },
    "6": {
      "precision": 0.7037037037037037,
      "recall": 0.6129032258064516,
      "f1-score": 0.6551724137931034,
      "support": 31.0
    },
    "7": {
      "precision": 0.3787878787878788,
      "recall": 0.6097560975609756,
      "f1-score": 0.4672897196261682,
      "support": 82.0
    },
    "8": {
      "precision": 0.6481481481481481,
      "recall": 0.4268292682926829,
      "f1-score": 0.5147058823529411,
      "support": 82.0
    },
    "9": {
      "precision": 0.7614678899082569,
      "recall": 0.83,
      "f1-score": 0.7942583732057417,
      "support": 100.0
    },
    "accuracy": 0.5735294117647058,
    "macro avg": {
      "precision": 0.5899645025963923,
      "recall": 0.5987550389412919,
      "f1-score": 0.5675538636481989,
      "support": 816.0
    },
    "weighted avg": {
      "precision": 0.5812488952892013,
      "recall": 0.5735294117647058,
      "f1-score": 0.5485056994860598,
      "support": 816.0
    }
  }
}