{
  "model": "cnn",
  "acc_mean": 0.5983748509188596,
  "acc_std": 0.04549487026333334,
  "folds": [
    1,
    2,
    3,
    4,
    5,
    6,
    7,
    8,
    9,
    10
  ]
}