epoch,train_acc,train_loss,val_acc,val_loss
1,0.27072059242381086,1.9766972192599181,0.30824372759856633,1.9546044502618178
2,0.42409569923098833,1.591652971329613,0.3823178016726404,1.6558179574192695
3,0.5076901167758473,1.3604865936320572,0.4647550776583035,1.658136376232471
