{
  "test": {
    "acc": 0.6219931271477663,
    "loss": 1.3990983827886256
  },
  "best_val": {
    "acc": 0.6427718040621266,
    "loss": 1.2947643859628237
  },
  "confusion_matrix": [
    [
      42,
      0,
      22,
      4,
      0,
      6,
      0,
      24,
      0,
      2
    ],
    [
      0,
      35,
      0,
      1,
      0,
      0,
      0,
      0,
      0,
      0
    ],
    [
      2,
      0,
      80,
      2,
      0,
      2,
      0,
      0,
      1,
      13
    ],
    [
      2,
      3,
      6,
      84,
      0,
      0,
      2,
      0,
      0,
      3
    ],
    [
      3,
      0,
      9,
      4,
      70,
      5,
      1,
      3,
      0,
      5
    ],
    [
      34,
      0,
      1,
      0,
      1,
      55,
      3,
      0,
      1,
      1
    ],
    [
      0,
      0,
      0,
      0,
      1,
      0,
      34,
      0,
      0,
      0
    ],
    [
      24,
      0,
      7,
      1,
      41,
      16,
      0,
      20,
      7,
      4
    ],
    [
      3,
      0,
      12,
      3,
      0,
      4,
      0,
      0,
      64,
      0
    ],
    [
      13,
      0,
      19,
      0,
      2,
      0,
      0,
      1,
      6,
      59
    ]
  ],
  "classification_report": {
    "0": {
      "precision": 0.34146341463414637,
      "recall": 0.42,
      "f1-score": 0.37668161434977576,
      "support": 100.0
    },
    "1": {
      "precision": 0.9210526315789473,
      "recall": 0.9722222222222222,
      "f1-score": 0.9459459459459459,
      "support": 36.0
    },
    "2": {
      "precision": 0.5128205128205128,
      "recall": 0.8,
      "f1-score": 0.625,
      "support": 100.0
    },
    "3": {
      "precision": 0.8484848484848485,
      "recall": 0.84,
      "f1-score": 0.8442211055276382,
      "support": 100.0
    },
    "4": {
      "precision": 0.6086956521739131,
      "recall": 0.7,
      "f1-score": 0.6511627906976745,
      "support": 100.0
    },
    "5": {
      "precision": 0.625,
      "recall": 0.5729166666666666,
      "f1-score": 0.5978260869565217,
      "support": 96.0
    },
    "6": {
      "precision": 0.85,
      "recall": 0.9714285714285714,
      "f1-score": 0.9066666666666666,
      "support": 35.0
    },
    "7": {
      "precision": 0.4166666666666667,
      "recall": 0.16666666666666666,
      "f1-score": 0.23809523809523808,
      "support": 120.0
    },
    "8": {
      "precision": 0.810126582278481,
      "recall": 0.7441860465116279,
      "f1-score": 0.7757575757575758,
      "support": 86.0
    },
    "9": {
      "precision": 0.6781609195402298,
      "recall": 0.59,
      "f1-score": 0.6310160427807486,
      "support": 100.0
    },
    "accuracy": 0.6219931271477663,
    "macro avg": {
      "precision": 0.6612471228177745,
      "recall": 0.6777420173495754,
      "f1-score": 0.6592373066777785,
      "support": 873.0
    },
    "weighted avg": {
      "precision": 0.6203222400666168,
      "recall": 0.6219931271477663,
      "f1-score": 0.6085606267553005,
      "support": 873.0
    }
  },
  "config": {
    "folds": {
      "train": [
        2,
        3,
        4,
        5,
        6,
        7,
        8,
        9
      ],
      "val": 10,
      "test": 1
    },
    "audio": {
      "sr": 22050,
      "dur": 4.0,
      "n_mels": 64,
      "n_fft": 1024,
      "hop": 512,
      "log_db": true
    },
    "model": {
      "type": "GRU",
      "hidden": 128,
      "layers": 2,
      "bidir": true,
      "dropout": 0.18
    },
    "train": {
      "batch": 16,
      "epochs": 15,
      "lr": 0.0013,
      "dropout": 0.18,
      "early_stopping": {
        "monitor": "val_loss",
        "patience": 7,
        "min_delta": 0.001
      }
    },
    "device": "cpu"
  }
}