{
  "test_fold": 5,
  "val_fold": 6,
  "test_acc": 0.6271367521367521,
  "test_loss": 1.508823021172972,
  "val_best_acc": 0.5528554070473876,
  "val_best_loss": 1.2941106703992074,
  "classification_report": {
    "0": {
      "precision": 0.5625,
      "recall": 0.54,
      "f1-score": 0.5510204081632653,
      "support": 100.0
    },
    "1": {
      "precision": 0.96875,
      "recall": 0.6326530612244898,
      "f1-score": 0.7654320987654321,
      "support": 98.0
    },
    "2": {
      "precision": 0.6355140186915887,
      "recall": 0.68,
      "f1-score": 0.6570048309178744,
      "support": 100.0
    },
    "3": {
      "precision": 0.7524752475247525,
      "recall": 0.76,
      "f1-score": 0.7562189054726368,
      "support": 100.0
    },
    "4": {
      "precision": 0.26143790849673204,
      "recall": 0.4,
      "f1-score": 0.31620553359683795,
      "support": 100.0
    },
    "5": {
      "precision": 0.8333333333333334,
      "recall": 0.2336448598130841,
      "f1-score": 0.36496350364963503,
      "support": 107.0
    },
    "6": {
      "precision": 0.8823529411764706,
      "recall": 0.75,
      "f1-score": 0.8108108108108109,
      "support": 40.0
    },
    "7": {
      "precision": 0.8076923076923077,
      "recall": 0.875,
      "f1-score": 0.84,
      "support": 120.0
    },
    "8": {
      "precision": 0.5887850467289719,
      "recall": 0.8873239436619719,
      "f1-score": 0.7078651685393258,
      "support": 71.0
    },
    "9": {
      "precision": 0.5614035087719298,
      "recall": 0.64,
      "f1-score": 0.5981308411214953,
      "support": 100.0
    },
    "accuracy": 0.6271367521367521,
    "macro avg": {
      "precision": 0.6854244312416087,
      "recall": 0.6398621864699545,
      "f1-score": 0.6367652101037312,
      "support": 936.0
    },
    "weighted avg": {
      "precision": 0.6789082990417306,
      "recall": 0.6271367521367521,
      "f1-score": 0.6254405468968578,
      "support": 936.0
    }
  }
}