{
  "test_fold": 4,
  "val_fold": 5,
  "test_acc": 0.5585858585858586,
  "test_loss": 1.6369474809616804,
  "val_best_acc": 0.6068376068376068,
  "val_best_loss": 1.256943157163717,
  "classification_report": {
    "0": {
      "precision": 0.46153846153846156,
      "recall": 0.24,
      "f1-score": 0.3157894736842105,
      "support": 100.0
    },
    "1": {
      "precision": 0.8214285714285714,
      "recall": 0.3898305084745763,
      "f1-score": 0.5287356321839081,
      "support": 59.0
    },
    "2": {
      "precision": 0.37267080745341613,
      "recall": 0.6,
      "f1-score": 0.45977011494252873,
      "support": 100.0
    },
    "3": {
      "precision": 0.7788461538461539,
      "recall": 0.81,
      "f1-score": 0.7941176470588235,
      "support": 100.0
    },
    "4": {
      "precision": 0.4566929133858268,
      "recall": 0.58,
      "f1-score": 0.5110132158590308,
      "support": 100.0
    },
    "5": {
      "precision": 0.4636363636363636,
      "recall": 0.4766355140186916,
      "f1-score": 0.4700460829493088,
      "support": 107.0
    },
    "6": {
      "precision": 0.7692307692307693,
      "recall": 0.7894736842105263,
      "f1-score": 0.7792207792207793,
      "support": 38.0
    },
    "7": {
      "precision": 0.2727272727272727,
      "recall": 0.275,
      "f1-score": 0.27385892116182575,
      "support": 120.0
    },
    "8": {
      "precision": 0.8650306748466258,
      "recall": 0.8493975903614458,
      "f1-score": 0.8571428571428571,
      "support": 166.0
    },
    "9": {
      "precision": 0.611764705882353,
      "recall": 0.52,
      "f1-score": 0.5621621621621622,
      "support": 100.0
    },
    "accuracy": 0.5585858585858586,
    "macro avg": {
      "precision": 0.5873566693975814,
      "recall": 0.5530337297065241,
      "f1-score": 0.5551856886365435,
      "support": 990.0
    },
    "weighted avg": {
      "precision": 0.5775533482995753,
      "recall": 0.5585858585858586,
      "f1-score": 0.5560957262430557,
      "support": 990.0
    }
  }
}