{
  "test_fold": 3,
  "val_fold": 4,
  "test_acc": 0.49405405405405406,
  "test_loss": 1.9458240874569286,
  "val_best_acc": 0.5505050505050505,
  "val_best_loss": 1.4075362942511997,
  "classification_report": {
    "0": {
      "precision": 0.12403100775193798,
      "recall": 0.16,
      "f1-score": 0.13973799126637554,
      "support": 100.0
    },
    "1": {
      "precision": 0.7884615384615384,
      "recall": 0.9534883720930233,
      "f1-score": 0.8631578947368421,
      "support": 43.0
    },
    "2": {
      "precision": 0.6363636363636364,
      "recall": 0.35,
      "f1-score": 0.45161290322580644,
      "support": 100.0
    },
    "3": {
      "precision": 0.5238095238095238,
      "recall": 0.88,
      "f1-score": 0.6567164179104478,
      "support": 100.0
    },
    "4": {
      "precision": 0.6615384615384615,
      "recall": 0.43,
      "f1-score": 0.5212121212121212,
      "support": 100.0
    },
    "5": {
      "precision": 0.2905982905982906,
      "recall": 0.3177570093457944,
      "f1-score": 0.30357142857142855,
      "support": 107.0
    },
    "6": {
      "precision": 0.868421052631579,
      "recall": 0.9166666666666666,
      "f1-score": 0.8918918918918919,
      "support": 36.0
    },
    "7": {
      "precision": 0.39473684210526316,
      "recall": 0.125,
      "f1-score": 0.189873417721519,
      "support": 120.0
    },
    "8": {
      "precision": 0.6363636363636364,
      "recall": 0.7647058823529411,
      "f1-score": 0.6946564885496184,
      "support": 119.0
    },
    "9": {
      "precision": 0.5083333333333333,
      "recall": 0.61,
      "f1-score": 0.5545454545454546,
      "support": 100.0
    },
    "accuracy": 0.49405405405405406,
    "macro avg": {
      "precision": 0.54326573229572,
      "recall": 0.5507617930458426,
      "f1-score": 0.5266976009631505,
      "support": 925.0
    },
    "weighted avg": {
      "precision": 0.5024479040023716,
      "recall": 0.49405405405405406,
      "f1-score": 0.4751756340745325,
      "support": 925.0
    }
  }
}