{
  "test_fold": 8,
  "val_fold": 9,
  "test_acc": 0.6513647642679901,
  "test_loss": 1.5306806463894307,
  "val_best_acc": 0.6274509803921569,
  "val_best_loss": 1.4946435051878877,
  "classification_report": {
    "0": {
      "precision": 0.15555555555555556,
      "recall": 0.07,
      "f1-score": 0.09655172413793103,
      "support": 100.0
    },
    "1": {
      "precision": 0.7586206896551724,
      "recall": 0.7333333333333333,
      "f1-score": 0.7457627118644068,
      "support": 30.0
    },
    "2": {
      "precision": 0.5324675324675324,
      "recall": 0.82,
      "f1-score": 0.6456692913385826,
      "support": 100.0
    },
    "3": {
      "precision": 0.7920792079207921,
      "recall": 0.8,
      "f1-score": 0.7960199004975125,
      "support": 100.0
    },
    "4": {
      "precision": 0.5813953488372093,
      "recall": 0.75,
      "f1-score": 0.6550218340611353,
      "support": 100.0
    },
    "5": {
      "precision": 0.6090909090909091,
      "recall": 0.7613636363636364,
      "f1-score": 0.6767676767676768,
      "support": 88.0
    },
    "6": {
      "precision": 0.9375,
      "recall": 1.0,
      "f1-score": 0.967741935483871,
      "support": 30.0
    },
    "7": {
      "precision": 0.7543859649122807,
      "recall": 0.5512820512820513,
      "f1-score": 0.6370370370370371,
      "support": 78.0
    },
    "8": {
      "precision": 0.8831168831168831,
      "recall": 0.85,
      "f1-score": 0.8662420382165605,
      "support": 80.0
    },
    "9": {
      "precision": 0.7083333333333334,
      "recall": 0.51,
      "f1-score": 0.5930232558139535,
      "support": 100.0
    },
    "accuracy": 0.6513647642679901,
    "macro avg": {
      "precision": 0.6712545424889668,
      "recall": 0.6845979020979021,
      "f1-score": 0.6679837405218667,
      "support": 806.0
    },
    "weighted avg": {
      "precision": 0.6339431444337543,
      "recall": 0.6513647642679901,
      "f1-score": 0.6309895130361404,
      "support": 806.0
    }
  }
}