{
  "test_fold": 9,
  "val_fold": 10,
  "test_acc": 0.6029411764705882,
  "test_loss": 1.7480483889261913,
  "val_best_acc": 0.5555555555555556,
  "val_best_loss": 1.409228482336368,
  "classification_report": {
    "0": {
      "precision": 0.3235294117647059,
      "recall": 0.22,
      "f1-score": 0.2619047619047619,
      "support": 100.0
    },
    "1": {
      "precision": 0.717948717948718,
      "recall": 0.875,
      "f1-score": 0.7887323943661971,
      "support": 32.0
    },
    "2": {
      "precision": 0.6,
      "recall": 0.69,
      "f1-score": 0.641860465116279,
      "support": 100.0
    },
    "3": {
      "precision": 0.735632183908046,
      "recall": 0.64,
      "f1-score": 0.6844919786096256,
      "support": 100.0
    },
    "4": {
      "precision": 0.569620253164557,
      "recall": 0.45,
      "f1-score": 0.5027932960893855,
      "support": 100.0
    },
    "5": {
      "precision": 0.8367346938775511,
      "recall": 0.4606741573033708,
      "f1-score": 0.5942028985507246,
      "support": 89.0
    },
    "6": {
      "precision": 1.0,
      "recall": 0.6129032258064516,
      "f1-score": 0.76,
      "support": 31.0
    },
    "7": {
      "precision": 0.4435483870967742,
      "recall": 0.6707317073170732,
      "f1-score": 0.5339805825242718,
      "support": 82.0
    },
    "8": {
      "precision": 0.8831168831168831,
      "recall": 0.8292682926829268,
      "f1-score": 0.8553459119496856,
      "support": 82.0
    },
    "9": {
      "precision": 0.5094339622641509,
      "recall": 0.81,
      "f1-score": 0.6254826254826255,
      "support": 100.0
    },
    "accuracy": 0.6029411764705882,
    "macro avg": {
      "precision": 0.6619564493141386,
      "recall": 0.6258577383109822,
      "f1-score": 0.6248794914593556,
      "support": 816.0
    },
    "weighted avg": {
      "precision": 0.62628906862393,
      "recall": 0.6029411764705882,
      "f1-score": 0.5971342890415013,
      "support": 816.0
    }
  }
}