{
  "test_fold": 7,
  "val_fold": 8,
  "test_acc": 0.6503579952267303,
  "test_loss": 1.2949960391775195,
  "val_best_acc": 0.6141439205955335,
  "val_best_loss": 1.1650524400631148,
  "classification_report": {
    "0": {
      "precision": 0.4594594594594595,
      "recall": 0.68,
      "f1-score": 0.5483870967741935,
      "support": 100.0
    },
    "1": {
      "precision": 0.6486486486486487,
      "recall": 0.8571428571428571,
      "f1-score": 0.7384615384615385,
      "support": 28.0
    },
    "2": {
      "precision": 0.8913043478260869,
      "recall": 0.41,
      "f1-score": 0.5616438356164384,
      "support": 100.0
    },
    "3": {
      "precision": 0.9148936170212766,
      "recall": 0.86,
      "f1-score": 0.8865979381443299,
      "support": 100.0
    },
    "4": {
      "precision": 0.6710526315789473,
      "recall": 0.51,
      "f1-score": 0.5795454545454546,
      "support": 100.0
    },
    "5": {
      "precision": 0.75,
      "recall": 0.5943396226415094,
      "f1-score": 0.6631578947368421,
      "support": 106.0
    },
    "6": {
      "precision": 0.9361702127659575,
      "recall": 0.8627450980392157,
      "f1-score": 0.8979591836734694,
      "support": 51.0
    },
    "7": {
      "precision": 0.35714285714285715,
      "recall": 0.2631578947368421,
      "f1-score": 0.30303030303030304,
      "support": 76.0
    },
    "8": {
      "precision": 0.6224489795918368,
      "recall": 0.7922077922077922,
      "f1-score": 0.6971428571428572,
      "support": 77.0
    },
    "9": {
      "precision": 0.5723684210526315,
      "recall": 0.87,
      "f1-score": 0.6904761904761905,
      "support": 100.0
    },
    "accuracy": 0.6503579952267303,
    "macro avg": {
      "precision": 0.6823489175087702,
      "recall": 0.6699593264768217,
      "f1-score": 0.6566402292601617,
      "support": 838.0
    },
    "weighted avg": {
      "precision": 0.6818450110721895,
      "recall": 0.6503579952267303,
      "f1-score": 0.6445619724013592,
      "support": 838.0
    }
  }
}