{
  "test_fold": 1,
  "val_fold": 2,
  "test_acc": 0.565864833906071,
  "test_loss": 1.7887216416949576,
  "val_best_acc": 0.5056306306306306,
  "val_best_loss": 1.3698202303743787,
  "classification_report": {
    "0": {
      "precision": 0.3018867924528302,
      "recall": 0.48,
      "f1-score": 0.37065637065637064,
      "support": 100.0
    },
    "1": {
      "precision": 0.9444444444444444,
      "recall": 0.9444444444444444,
      "f1-score": 0.9444444444444444,
      "support": 36.0
    },
    "2": {
      "precision": 0.5179856115107914,
      "recall": 0.72,
      "f1-score": 0.602510460251046,
      "support": 100.0
    },
    "3": {
      "precision": 0.9010989010989011,
      "recall": 0.82,
      "f1-score": 0.8586387434554974,
      "support": 100.0
    },
    "4": {
      "precision": 0.65,
      "recall": 0.26,
      "f1-score": 0.37142857142857144,
      "support": 100.0
    },
    "5": {
      "precision": 0.7894736842105263,
      "recall": 0.46875,
      "f1-score": 0.5882352941176471,
      "support": 96.0
    },
    "6": {
      "precision": 0.9666666666666667,
      "recall": 0.8285714285714286,
      "f1-score": 0.8923076923076924,
      "support": 35.0
    },
    "7": {
      "precision": 0.43103448275862066,
      "recall": 0.20833333333333334,
      "f1-score": 0.2808988764044944,
      "support": 120.0
    },
    "8": {
      "precision": 0.5555555555555556,
      "recall": 0.6976744186046512,
      "f1-score": 0.6185567010309279,
      "support": 86.0
    },
    "9": {
      "precision": 0.47096774193548385,
      "recall": 0.73,
      "f1-score": 0.5725490196078431,
      "support": 100.0
    },
    "accuracy": 0.565864833906071,
    "macro avg": {
      "precision": 0.652911388063382,
      "recall": 0.6157773624953858,
      "f1-score": 0.6100226173704535,
      "support": 873.0
    },
    "weighted avg": {
      "precision": 0.6040305010608898,
      "recall": 0.565864833906071,
      "f1-score": 0.5569111288238205,
      "support": 873.0
    }
  }
}