{
  "test_fold": 10,
  "val_fold": 1,
  "test_acc": 0.5543608124253285,
  "test_loss": 1.5786342926253125,
  "val_best_acc": 0.6071019473081328,
  "val_best_loss": 1.34786504750902,
  "classification_report": {
    "0": {
      "precision": 0.6206896551724138,
      "recall": 0.54,
      "f1-score": 0.5775401069518716,
      "support": 100.0
    },
    "1": {
      "precision": 0.574468085106383,
      "recall": 0.8181818181818182,
      "f1-score": 0.675,
      "support": 33.0
    },
    "2": {
      "precision": 0.8571428571428571,
      "recall": 0.42,
      "f1-score": 0.5637583892617449,
      "support": 100.0
    },
    "3": {
      "precision": 0.803921568627451,
      "recall": 0.82,
      "f1-score": 0.8118811881188119,
      "support": 100.0
    },
    "4": {
      "precision": 0.24752475247524752,
      "recall": 0.25,
      "f1-score": 0.24875621890547264,
      "support": 100.0
    },
    "5": {
      "precision": 0.5701754385964912,
      "recall": 0.6989247311827957,
      "f1-score": 0.6280193236714976,
      "support": 93.0
    },
    "6": {
      "precision": 1.0,
      "recall": 0.6875,
      "f1-score": 0.8148148148148148,
      "support": 32.0
    },
    "7": {
      "precision": 0.4492753623188406,
      "recall": 0.3229166666666667,
      "f1-score": 0.37575757575757573,
      "support": 96.0
    },
    "8": {
      "precision": 0.4368932038834951,
      "recall": 0.5421686746987951,
      "f1-score": 0.4838709677419355,
      "support": 83.0
    },
    "9": {
      "precision": 0.4965034965034965,
      "recall": 0.71,
      "f1-score": 0.5843621399176955,
      "support": 100.0
    },
    "accuracy": 0.5543608124253285,
    "macro avg": {
      "precision": 0.6056594419826676,
      "recall": 0.5809691890730077,
      "f1-score": 0.576376072514142,
      "support": 837.0
    },
    "weighted avg": {
      "precision": 0.5805908796834763,
      "recall": 0.5543608124253285,
      "f1-score": 0.5515157623493321,
      "support": 837.0
    }
  }
}