{
  "test_fold": 6,
  "val_fold": 7,
  "test_acc": 0.6208991494532199,
  "test_loss": 1.327412375034048,
  "val_best_acc": 0.5847255369928401,
  "val_best_loss": 1.1249274165316854,
  "classification_report": {
    "0": {
      "precision": 0.421875,
      "recall": 0.27,
      "f1-score": 0.32926829268292684,
      "support": 100.0
    },
    "1": {
      "precision": 0.71875,
      "recall": 0.8214285714285714,
      "f1-score": 0.7666666666666667,
      "support": 28.0
    },
    "2": {
      "precision": 0.5033557046979866,
      "recall": 0.75,
      "f1-score": 0.6024096385542169,
      "support": 100.0
    },
    "3": {
      "precision": 0.9325842696629213,
      "recall": 0.83,
      "f1-score": 0.8783068783068783,
      "support": 100.0
    },
    "4": {
      "precision": 0.7922077922077922,
      "recall": 0.61,
      "f1-score": 0.6892655367231638,
      "support": 100.0
    },
    "5": {
      "precision": 0.6238532110091743,
      "recall": 0.6355140186915887,
      "f1-score": 0.6296296296296297,
      "support": 107.0
    },
    "6": {
      "precision": 0.9387755102040817,
      "recall": 1.0,
      "f1-score": 0.968421052631579,
      "support": 46.0
    },
    "7": {
      "precision": 0.6818181818181818,
      "recall": 0.22058823529411764,
      "f1-score": 0.3333333333333333,
      "support": 68.0
    },
    "8": {
      "precision": 0.421875,
      "recall": 0.7297297297297297,
      "f1-score": 0.5346534653465347,
      "support": 74.0
    },
    "9": {
      "precision": 0.5673076923076923,
      "recall": 0.59,
      "f1-score": 0.5784313725490197,
      "support": 100.0
    },
    "accuracy": 0.6208991494532199,
    "macro avg": {
      "precision": 0.6602402361907831,
      "recall": 0.6457260555144008,
      "f1-score": 0.6310385866423948,
      "support": 823.0
    },
    "weighted avg": {
      "precision": 0.6432277026715008,
      "recall": 0.6208991494532199,
      "f1-score": 0.6116447149963796,
      "support": 823.0
    }
  }
}