{
  "test_fold": 2,
  "val_fold": 3,
  "test_acc": 0.5427927927927928,
  "test_loss": 1.8463160539312022,
  "val_best_acc": 0.5427027027027027,
  "val_best_loss": 1.4538893798799735,
  "classification_report": {
    "0": {
      "precision": 0.5945945945945946,
      "recall": 0.22,
      "f1-score": 0.32116788321167883,
      "support": 100.0
    },
    "1": {
      "precision": 0.9230769230769231,
      "recall": 0.2857142857142857,
      "f1-score": 0.43636363636363634,
      "support": 42.0
    },
    "2": {
      "precision": 0.4708994708994709,
      "recall": 0.89,
      "f1-score": 0.615916955017301,
      "support": 100.0
    },
    "3": {
      "precision": 0.7105263157894737,
      "recall": 0.81,
      "f1-score": 0.7570093457943925,
      "support": 100.0
    },
    "4": {
      "precision": 0.34574468085106386,
      "recall": 0.65,
      "f1-score": 0.4513888888888889,
      "support": 100.0
    },
    "5": {
      "precision": 0.6140350877192983,
      "recall": 0.7,
      "f1-score": 0.6542056074766355,
      "support": 100.0
    },
    "6": {
      "precision": 0.85,
      "recall": 0.9714285714285714,
      "f1-score": 0.9066666666666666,
      "support": 35.0
    },
    "7": {
      "precision": 0.345679012345679,
      "recall": 0.23333333333333334,
      "f1-score": 0.27860696517412936,
      "support": 120.0
    },
    "8": {
      "precision": 0.8412698412698413,
      "recall": 0.5824175824175825,
      "f1-score": 0.6883116883116883,
      "support": 91.0
    },
    "9": {
      "precision": 0.5714285714285714,
      "recall": 0.28,
      "f1-score": 0.37583892617449666,
      "support": 100.0
    },
    "accuracy": 0.5427927927927928,
    "macro avg": {
      "precision": 0.6267254497974915,
      "recall": 0.5622893772893772,
      "f1-score": 0.5485476563079514,
      "support": 888.0
    },
    "weighted avg": {
      "precision": 0.5825215539803098,
      "recall": 0.5427927927927928,
      "f1-score": 0.5221650519979781,
      "support": 888.0
    }
  }
}