{
  "model": "rnn",
  "acc_mean": 0.5868358189319386,
  "acc_std": 0.051729663183496026,
  "folds": [
    1,
    2,
    3,
    4,
    5,
    6,
    7,
    8,
    9,
    10
  ]
}