{
  "test": {
    "acc": 0.718213058419244,
    "loss": 1.059243098965713
  },
  "best_val_acc": 0.6654719235364397,
  "confusion_matrix": [
    [
      39,
      0,
      22,
      2,
      26,
      0,
      0,
      10,
      0,
      1
    ],
    [
      0,
      22,
      0,
      0,
      8,
      0,
      0,
      0,
      0,
      6
    ],
    [
      0,
      0,
      88,
      3,
      0,
      0,
      0,
      0,
      0,
      9
    ],
    [
      0,
      0,
      12,
      74,
      7,
      1,
      0,
      2,
      3,
      1
    ],
    [
      5,
      0,
      7,
      0,
      78,
      0,
      0,
      1,
      1,
      8
    ],
    [
      9,
      0,
      0,
      0,
      31,
      46,
      0,
      8,
      1,
      1
    ],
    [
      0,
      0,
      0,
      6,
      7,
      0,
      22,
      0,
      0,
      0
    ],
    [
      7,
      0,
      0,
      0,
      9,
      0,
      0,
      104,
      0,
      0
    ],
    [
      2,
      0,
      6,
      0,
      1,
      0,
      0,
      0,
      76,
      1
    ],
    [
      8,
      4,
      2,
      0,
      2,
      0,
      0,
      1,
      5,
      78
    ]
  ],
  "classification_report": {
    "0": {
      "precision": 0.5571428571428572,
      "recall": 0.39,
      "f1-score": 0.4588235294117647,
      "support": 100.0
    },
    "1": {
      "precision": 0.8461538461538461,
      "recall": 0.6111111111111112,
      "f1-score": 0.7096774193548387,
      "support": 36.0
    },
    "2": {
      "precision": 0.6423357664233577,
      "recall": 0.88,
      "f1-score": 0.7426160337552743,
      "support": 100.0
    },
    "3": {
      "precision": 0.8705882352941177,
      "recall": 0.74,
      "f1-score": 0.8,
      "support": 100.0
    },
    "4": {
      "precision": 0.46153846153846156,
      "recall": 0.78,
      "f1-score": 0.5799256505576208,
      "support": 100.0
    },
    "5": {
      "precision": 0.9787234042553191,
      "recall": 0.4791666666666667,
      "f1-score": 0.6433566433566433,
      "support": 96.0
    },
    "6": {
      "precision": 1.0,
      "recall": 0.6285714285714286,
      "f1-score": 0.7719298245614035,
      "support": 35.0
    },
    "7": {
      "precision": 0.8253968253968254,
      "recall": 0.8666666666666667,
      "f1-score": 0.8455284552845529,
      "support": 120.0
    },
    "8": {
      "precision": 0.8837209302325582,
      "recall": 0.8837209302325582,
      "f1-score": 0.8837209302325582,
      "support": 86.0
    },
    "9": {
      "precision": 0.7428571428571429,
      "recall": 0.78,
      "f1-score": 0.7609756097560976,
      "support": 100.0
    },
    "accuracy": 0.718213058419244,
    "macro avg": {
      "precision": 0.7808457469294485,
      "recall": 0.7039236803248431,
      "f1-score": 0.7196554096270753,
      "support": 873.0
    },
    "weighted avg": {
      "precision": 0.7582048690071729,
      "recall": 0.718213058419244,
      "f1-score": 0.7170969824752386,
      "support": 873.0
    }
  }
}