study,model,trial,state,value,batch,lr,dropout,epochs
us8k_optuna,cnn,0,COMPLETE,0.5185185185185185,32,0.00018410729205738696,0.17799726016810133,4
