{
  "test": {
    "acc": 0.709049255441008,
    "loss": 1.077530926897783
  },
  "best_val": {
    "acc": 0.6845878136200717,
    "loss": 0.9271320700645447
  },
  "confusion_matrix": [
    [
      45,
      8,
      21,
      7,
      13,
      3,
      0,
      0,
      3,
      0
    ],
    [
      0,
      28,
      0,
      0,
      0,
      0,
      1,
      0,
      1,
      6
    ],
    [
      0,
      0,
      92,
      3,
      0,
      0,
      0,
      0,
      1,
      4
    ],
    [
      0,
      0,
      3,
      79,
      0,
      2,
      6,
      1,
      9,
      0
    ],
    [
      3,
      12,
      2,
      2,
      43,
      1,
      1,
      4,
      30,
      2
    ],
    [
      0,
      0,
      0,
      0,
      30,
      61,
      0,
      1,
      4,
      0
    ],
    [
      0,
      0,
      0,
      10,
      1,
      0,
      24,
      0,
      0,
      0
    ],
    [
      4,
      0,
      0,
      0,
      0,
      22,
      0,
      92,
      2,
      0
    ],
    [
      0,
      0,
      3,
      0,
      0,
      2,
      0,
      0,
      81,
      0
    ],
    [
      6,
      3,
      2,
      0,
      0,
      1,
      0,
      2,
      12,
      74
    ]
  ],
  "classification_report": {
    "0": {
      "precision": 0.7758620689655172,
      "recall": 0.45,
      "f1-score": 0.569620253164557,
      "support": 100.0
    },
    "1": {
      "precision": 0.5490196078431373,
      "recall": 0.7777777777777778,
      "f1-score": 0.6436781609195402,
      "support": 36.0
    },
    "2": {
      "precision": 0.7479674796747967,
      "recall": 0.92,
      "f1-score": 0.8251121076233184,
      "support": 100.0
    },
    "3": {
      "precision": 0.7821782178217822,
      "recall": 0.79,
      "f1-score": 0.7860696517412935,
      "support": 100.0
    },
    "4": {
      "precision": 0.4942528735632184,
      "recall": 0.43,
      "f1-score": 0.45989304812834225,
      "support": 100.0
    },
    "5": {
      "precision": 0.6630434782608695,
      "recall": 0.6354166666666666,
      "f1-score": 0.648936170212766,
      "support": 96.0
    },
    "6": {
      "precision": 0.75,
      "recall": 0.6857142857142857,
      "f1-score": 0.7164179104477612,
      "support": 35.0
    },
    "7": {
      "precision": 0.92,
      "recall": 0.7666666666666667,
      "f1-score": 0.8363636363636363,
      "support": 120.0
    },
    "8": {
      "precision": 0.5664335664335665,
      "recall": 0.9418604651162791,
      "f1-score": 0.7074235807860262,
      "support": 86.0
    },
    "9": {
      "precision": 0.8604651162790697,
      "recall": 0.74,
      "f1-score": 0.7956989247311828,
      "support": 100.0
    },
    "accuracy": 0.709049255441008,
    "macro avg": {
      "precision": 0.7109222408841956,
      "recall": 0.7137435861941677,
      "f1-score": 0.6989213444118423,
      "support": 873.0
    },
    "weighted avg": {
      "precision": 0.7272081811444692,
      "recall": 0.709049255441008,
      "f1-score": 0.7049099379717121,
      "support": 873.0
    }
  }
}