{
  "test_fold": 2,
  "val_fold": 1,
  "test_acc": 0.5754504504504504,
  "test_loss": 1.3087980544992857,
  "val_best_acc": 0.6849942726231386,
  "val_best_loss": 0.9895402374592694,
  "classification_report": {
    "0": {
      "precision": 0.3488372093023256,
      "recall": 0.45,
      "f1-score": 0.3930131004366812,
      "support": 100.0
    },
    "1": {
      "precision": 0.9333333333333333,
      "recall": 0.3333333333333333,
      "f1-score": 0.49122807017543857,
      "support": 42.0
    },
    "2": {
      "precision": 0.4918032786885246,
      "recall": 0.9,
      "f1-score": 0.6360424028268551,
      "support": 100.0
    },
    "3": {
      "precision": 0.8461538461538461,
      "recall": 0.66,
      "f1-score": 0.7415730337078652,
      "support": 100.0
    },
    "4": {
      "precision": 0.7538461538461538,
      "recall": 0.49,
      "f1-score": 0.593939393939394,
      "support": 100.0
    },
    "5": {
      "precision": 0.4233128834355828,
      "recall": 0.69,
      "f1-score": 0.5247148288973384,
      "support": 100.0
    },
    "6": {
      "precision": 0.5689655172413793,
      "recall": 0.9428571428571428,
      "f1-score": 0.7096774193548387,
      "support": 35.0
    },
    "7": {
      "precision": 0.8518518518518519,
      "recall": 0.19166666666666668,
      "f1-score": 0.3129251700680272,
      "support": 120.0
    },
    "8": {
      "precision": 0.78,
      "recall": 0.42857142857142855,
      "f1-score": 0.5531914893617021,
      "support": 91.0
    },
    "9": {
      "precision": 0.6916666666666667,
      "recall": 0.83,
      "f1-score": 0.7545454545454545,
      "support": 100.0
    },
    "accuracy": 0.5754504504504504,
    "macro avg": {
      "precision": 0.6689770740519664,
      "recall": 0.5916428571428571,
      "f1-score": 0.5710850363313595,
      "support": 888.0
    },
    "weighted avg": {
      "precision": 0.6620247963231762,
      "recall": 0.5754504504504504,
      "f1-score": 0.5605231486489017,
      "support": 888.0
    }
  }
}