{
  "test_fold": 6,
  "val_fold": 5,
  "test_acc": 0.637910085054678,
  "test_loss": 1.1620731214777782,
  "val_best_acc": 0.6485042735042735,
  "val_best_loss": 1.128740136527409,
  "classification_report": {
    "0": {
      "precision": 0.38961038961038963,
      "recall": 0.3,
      "f1-score": 0.3389830508474576,
      "support": 100.0
    },
    "1": {
      "precision": 0.4666666666666667,
      "recall": 0.5,
      "f1-score": 0.4827586206896552,
      "support": 28.0
    },
    "2": {
      "precision": 0.6890756302521008,
      "recall": 0.82,
      "f1-score": 0.7488584474885844,
      "support": 100.0
    },
    "3": {
      "precision": 0.7425742574257426,
      "recall": 0.75,
      "f1-score": 0.746268656716418,
      "support": 100.0
    },
    "4": {
      "precision": 0.616,
      "recall": 0.77,
      "f1-score": 0.6844444444444444,
      "support": 100.0
    },
    "5": {
      "precision": 0.6634615384615384,
      "recall": 0.6448598130841121,
      "f1-score": 0.6540284360189573,
      "support": 107.0
    },
    "6": {
      "precision": 0.75,
      "recall": 0.9782608695652174,
      "f1-score": 0.8490566037735849,
      "support": 46.0
    },
    "7": {
      "precision": 0.6086956521739131,
      "recall": 0.4117647058823529,
      "f1-score": 0.49122807017543857,
      "support": 68.0
    },
    "8": {
      "precision": 0.746268656716418,
      "recall": 0.6756756756756757,
      "f1-score": 0.7092198581560284,
      "support": 74.0
    },
    "9": {
      "precision": 0.5851063829787234,
      "recall": 0.55,
      "f1-score": 0.5670103092783505,
      "support": 100.0
    },
    "accuracy": 0.637910085054678,
    "macro avg": {
      "precision": 0.6257459174285491,
      "recall": 0.6400561064207358,
      "f1-score": 0.6271856497588919,
      "support": 823.0
    },
    "weighted avg": {
      "precision": 0.6286863939897788,
      "recall": 0.637910085054678,
      "f1-score": 0.6281860959415857,
      "support": 823.0
    }
  }
}