{
  "test_fold": 3,
  "val_fold": 2,
  "test_acc": 0.6227027027027027,
  "test_loss": 1.1800687672763035,
  "val_best_acc": 0.6396396396396397,
  "val_best_loss": 1.0623289701927985,
  "classification_report": {
    "0": {
      "precision": 0.5151515151515151,
      "recall": 0.34,
      "f1-score": 0.40963855421686746,
      "support": 100.0
    },
    "1": {
      "precision": 0.8695652173913043,
      "recall": 0.9302325581395349,
      "f1-score": 0.898876404494382,
      "support": 43.0
    },
    "2": {
      "precision": 0.71,
      "recall": 0.71,
      "f1-score": 0.71,
      "support": 100.0
    },
    "3": {
      "precision": 0.6782608695652174,
      "recall": 0.78,
      "f1-score": 0.7255813953488373,
      "support": 100.0
    },
    "4": {
      "precision": 0.6837606837606838,
      "recall": 0.8,
      "f1-score": 0.7373271889400922,
      "support": 100.0
    },
    "5": {
      "precision": 0.2714285714285714,
      "recall": 0.17757009345794392,
      "f1-score": 0.21468926553672316,
      "support": 107.0
    },
    "6": {
      "precision": 0.6666666666666666,
      "recall": 1.0,
      "f1-score": 0.8,
      "support": 36.0
    },
    "7": {
      "precision": 0.5080213903743316,
      "recall": 0.7916666666666666,
      "f1-score": 0.6188925081433225,
      "support": 120.0
    },
    "8": {
      "precision": 1.0,
      "recall": 0.3445378151260504,
      "f1-score": 0.5125,
      "support": 119.0
    },
    "9": {
      "precision": 0.6356589147286822,
      "recall": 0.82,
      "f1-score": 0.7161572052401747,
      "support": 100.0
    },
    "accuracy": 0.6227027027027027,
    "macro avg": {
      "precision": 0.6538513829066972,
      "recall": 0.6694007133390196,
      "f1-score": 0.63436625219204,
      "support": 925.0
    },
    "weighted avg": {
      "precision": 0.6407350558445544,
      "recall": 0.6227027027027027,
      "f1-score": 0.6005929428729553,
      "support": 925.0
    }
  }
}