{
  "test_fold": 8,
  "val_fold": 7,
  "test_acc": 0.6352357320099256,
  "test_loss": 1.3281755383108176,
  "val_best_acc": 0.6933174224343676,
  "val_best_loss": 0.8541626573171256,
  "classification_report": {
    "0": {
      "precision": 0.40594059405940597,
      "recall": 0.41,
      "f1-score": 0.4079601990049751,
      "support": 100.0
    },
    "1": {
      "precision": 0.8846153846153846,
      "recall": 0.7666666666666667,
      "f1-score": 0.8214285714285714,
      "support": 30.0
    },
    "2": {
      "precision": 0.6190476190476191,
      "recall": 0.52,
      "f1-score": 0.5652173913043478,
      "support": 100.0
    },
    "3": {
      "precision": 0.7821782178217822,
      "recall": 0.79,
      "f1-score": 0.7860696517412935,
      "support": 100.0
    },
    "4": {
      "precision": 0.6833333333333333,
      "recall": 0.82,
      "f1-score": 0.7454545454545455,
      "support": 100.0
    },
    "5": {
      "precision": 0.5163934426229508,
      "recall": 0.7159090909090909,
      "f1-score": 0.6,
      "support": 88.0
    },
    "6": {
      "precision": 0.6666666666666666,
      "recall": 1.0,
      "f1-score": 0.8,
      "support": 30.0
    },
    "7": {
      "precision": 0.6710526315789473,
      "recall": 0.6538461538461539,
      "f1-score": 0.6623376623376623,
      "support": 78.0
    },
    "8": {
      "precision": 0.6521739130434783,
      "recall": 0.375,
      "f1-score": 0.47619047619047616,
      "support": 80.0
    },
    "9": {
      "precision": 0.7176470588235294,
      "recall": 0.61,
      "f1-score": 0.6594594594594595,
      "support": 100.0
    },
    "accuracy": 0.6352357320099256,
    "macro avg": {
      "precision": 0.6599048861613098,
      "recall": 0.6661421911421912,
      "f1-score": 0.6524117956921331,
      "support": 806.0
    },
    "weighted avg": {
      "precision": 0.6418260361097821,
      "recall": 0.6352357320099256,
      "f1-score": 0.6297972178621526,
      "support": 806.0
    }
  }
}