{
  "test_fold": 10,
  "val_fold": 9,
  "test_acc": 0.6905615292712067,
  "test_loss": 0.879914494758507,
  "val_best_acc": 0.6825980392156863,
  "val_best_loss": 1.1163734408351136,
  "classification_report": {
    "0": {
      "precision": 0.5069444444444444,
      "recall": 0.73,
      "f1-score": 0.5983606557377049,
      "support": 100.0
    },
    "1": {
      "precision": 0.9166666666666666,
      "recall": 0.6666666666666666,
      "f1-score": 0.7719298245614035,
      "support": 33.0
    },
    "2": {
      "precision": 0.68,
      "recall": 0.68,
      "f1-score": 0.68,
      "support": 100.0
    },
    "3": {
      "precision": 0.8255813953488372,
      "recall": 0.71,
      "f1-score": 0.7634408602150538,
      "support": 100.0
    },
    "4": {
      "precision": 0.5547445255474452,
      "recall": 0.76,
      "f1-score": 0.6413502109704642,
      "support": 100.0
    },
    "5": {
      "precision": 0.7023809523809523,
      "recall": 0.6344086021505376,
      "f1-score": 0.6666666666666666,
      "support": 93.0
    },
    "6": {
      "precision": 0.9411764705882353,
      "recall": 1.0,
      "f1-score": 0.9696969696969697,
      "support": 32.0
    },
    "7": {
      "precision": 0.8840579710144928,
      "recall": 0.6354166666666666,
      "f1-score": 0.7393939393939394,
      "support": 96.0
    },
    "8": {
      "precision": 0.64,
      "recall": 0.7710843373493976,
      "f1-score": 0.6994535519125683,
      "support": 83.0
    },
    "9": {
      "precision": 0.8813559322033898,
      "recall": 0.52,
      "f1-score": 0.6540880503144654,
      "support": 100.0
    },
    "accuracy": 0.6905615292712067,
    "macro avg": {
      "precision": 0.7532908358194463,
      "recall": 0.7107576272833269,
      "f1-score": 0.7184380729469235,
      "support": 837.0
    },
    "weighted avg": {
      "precision": 0.7270505025114159,
      "recall": 0.6905615292712067,
      "f1-score": 0.6944616821447545,
      "support": 837.0
    }
  }
}