{
  "test_fold": 4,
  "val_fold": 3,
  "test_acc": 0.5232323232323233,
  "test_loss": 1.3586260979214022,
  "val_best_acc": 0.5383783783783784,
  "val_best_loss": 1.2793422011851237,
  "classification_report": {
    "0": {
      "precision": 0.6049382716049383,
      "recall": 0.49,
      "f1-score": 0.5414364640883977,
      "support": 100.0
    },
    "1": {
      "precision": 1.0,
      "recall": 0.3050847457627119,
      "f1-score": 0.4675324675324675,
      "support": 59.0
    },
    "2": {
      "precision": 0.3287671232876712,
      "recall": 0.72,
      "f1-score": 0.45141065830721006,
      "support": 100.0
    },
    "3": {
      "precision": 0.556390977443609,
      "recall": 0.74,
      "f1-score": 0.6351931330472103,
      "support": 100.0
    },
    "4": {
      "precision": 0.5277777777777778,
      "recall": 0.57,
      "f1-score": 0.5480769230769231,
      "support": 100.0
    },
    "5": {
      "precision": 0.8311688311688312,
      "recall": 0.5981308411214953,
      "f1-score": 0.6956521739130435,
      "support": 107.0
    },
    "6": {
      "precision": 0.43859649122807015,
      "recall": 0.6578947368421053,
      "f1-score": 0.5263157894736842,
      "support": 38.0
    },
    "7": {
      "precision": 0.5,
      "recall": 0.175,
      "f1-score": 0.25925925925925924,
      "support": 120.0
    },
    "8": {
      "precision": 0.5483870967741935,
      "recall": 0.6144578313253012,
      "f1-score": 0.5795454545454546,
      "support": 166.0
    },
    "9": {
      "precision": 0.5217391304347826,
      "recall": 0.36,
      "f1-score": 0.4260355029585799,
      "support": 100.0
    },
    "accuracy": 0.5232323232323233,
    "macro avg": {
      "precision": 0.5857765699719875,
      "recall": 0.5230568155051614,
      "f1-score": 0.513045782620223,
      "support": 990.0
    },
    "weighted avg": {
      "precision": 0.5753488057789148,
      "recall": 0.5232323232323233,
      "f1-score": 0.5146970938450504,
      "support": 990.0
    }
  }
}