{
  "test_fold": 7,
  "val_fold": 6,
  "test_acc": 0.6384248210023866,
  "test_loss": 0.9948462228167732,
  "val_best_acc": 0.6306196840826246,
  "val_best_loss": 1.0800010426184878,
  "classification_report": {
    "0": {
      "precision": 0.3076923076923077,
      "recall": 0.52,
      "f1-score": 0.38661710037174724,
      "support": 100.0
    },
    "1": {
      "precision": 0.9523809523809523,
      "recall": 0.7142857142857143,
      "f1-score": 0.8163265306122449,
      "support": 28.0
    },
    "2": {
      "precision": 0.7176470588235294,
      "recall": 0.61,
      "f1-score": 0.6594594594594595,
      "support": 100.0
    },
    "3": {
      "precision": 0.8289473684210527,
      "recall": 0.63,
      "f1-score": 0.7159090909090909,
      "support": 100.0
    },
    "4": {
      "precision": 0.8615384615384616,
      "recall": 0.56,
      "f1-score": 0.6787878787878788,
      "support": 100.0
    },
    "5": {
      "precision": 0.6083916083916084,
      "recall": 0.8207547169811321,
      "f1-score": 0.6987951807228916,
      "support": 106.0
    },
    "6": {
      "precision": 0.7111111111111111,
      "recall": 0.6274509803921569,
      "f1-score": 0.6666666666666666,
      "support": 51.0
    },
    "7": {
      "precision": 0.4883720930232558,
      "recall": 0.27631578947368424,
      "f1-score": 0.35294117647058826,
      "support": 76.0
    },
    "8": {
      "precision": 0.6464646464646465,
      "recall": 0.8311688311688312,
      "f1-score": 0.7272727272727273,
      "support": 77.0
    },
    "9": {
      "precision": 0.8586956521739131,
      "recall": 0.79,
      "f1-score": 0.8229166666666666,
      "support": 100.0
    },
    "accuracy": 0.6384248210023866,
    "macro avg": {
      "precision": 0.6981241260020838,
      "recall": 0.6379976032301519,
      "f1-score": 0.6525692477939963,
      "support": 838.0
    },
    "weighted avg": {
      "precision": 0.6823018920469158,
      "recall": 0.6384248210023866,
      "f1-score": 0.6445369702207857,
      "support": 838.0
    }
  }
}