{
  "test_fold": 1,
  "val_fold": 10,
  "test_acc": 0.6689576174112256,
  "test_loss": 1.095095843076706,
  "val_best_acc": 0.6571087216248507,
  "val_best_loss": 0.9704493888706531,
  "classification_report": {
    "0": {
      "precision": 0.5645161290322581,
      "recall": 0.35,
      "f1-score": 0.43209876543209874,
      "support": 100.0
    },
    "1": {
      "precision": 0.525,
      "recall": 0.5833333333333334,
      "f1-score": 0.5526315789473685,
      "support": 36.0
    },
    "2": {
      "precision": 0.5548387096774193,
      "recall": 0.86,
      "f1-score": 0.6745098039215687,
      "support": 100.0
    },
    "3": {
      "precision": 0.8333333333333334,
      "recall": 0.8,
      "f1-score": 0.8163265306122449,
      "support": 100.0
    },
    "4": {
      "precision": 0.6493506493506493,
      "recall": 0.5,
      "f1-score": 0.5649717514124294,
      "support": 100.0
    },
    "5": {
      "precision": 0.6219512195121951,
      "recall": 0.53125,
      "f1-score": 0.5730337078651685,
      "support": 96.0
    },
    "6": {
      "precision": 0.7222222222222222,
      "recall": 0.7428571428571429,
      "f1-score": 0.7323943661971831,
      "support": 35.0
    },
    "7": {
      "precision": 0.8681318681318682,
      "recall": 0.6583333333333333,
      "f1-score": 0.7488151658767772,
      "support": 120.0
    },
    "8": {
      "precision": 0.7425742574257426,
      "recall": 0.872093023255814,
      "f1-score": 0.8021390374331551,
      "support": 86.0
    },
    "9": {
      "precision": 0.6090225563909775,
      "recall": 0.81,
      "f1-score": 0.6952789699570815,
      "support": 100.0
    },
    "accuracy": 0.6689576174112256,
    "macro avg": {
      "precision": 0.6690940945076665,
      "recall": 0.6707866832779624,
      "f1-score": 0.6592199677655075,
      "support": 873.0
    },
    "weighted avg": {
      "precision": 0.6792994764534367,
      "recall": 0.6689576174112256,
      "f1-score": 0.6617412770584993,
      "support": 873.0
    }
  }
}