{
  "test_fold": 5,
  "val_fold": 4,
  "test_acc": 0.5502136752136753,
  "test_loss": 1.1089411572379582,
  "val_best_acc": 0.6131313131313131,
  "val_best_loss": 1.2042545969447782,
  "classification_report": {
    "0": {
      "precision": 0.3584905660377358,
      "recall": 0.38,
      "f1-score": 0.36893203883495146,
      "support": 100.0
    },
    "1": {
      "precision": 0.6031746031746031,
      "recall": 0.3877551020408163,
      "f1-score": 0.4720496894409938,
      "support": 98.0
    },
    "2": {
      "precision": 0.5342465753424658,
      "recall": 0.78,
      "f1-score": 0.6341463414634146,
      "support": 100.0
    },
    "3": {
      "precision": 0.7833333333333333,
      "recall": 0.47,
      "f1-score": 0.5875,
      "support": 100.0
    },
    "4": {
      "precision": 0.3893129770992366,
      "recall": 0.51,
      "f1-score": 0.44155844155844154,
      "support": 100.0
    },
    "5": {
      "precision": 0.8181818181818182,
      "recall": 0.16822429906542055,
      "f1-score": 0.27906976744186046,
      "support": 107.0
    },
    "6": {
      "precision": 0.6610169491525424,
      "recall": 0.975,
      "f1-score": 0.7878787878787878,
      "support": 40.0
    },
    "7": {
      "precision": 0.7476635514018691,
      "recall": 0.6666666666666666,
      "f1-score": 0.7048458149779736,
      "support": 120.0
    },
    "8": {
      "precision": 0.48484848484848486,
      "recall": 0.9014084507042254,
      "f1-score": 0.6305418719211823,
      "support": 71.0
    },
    "9": {
      "precision": 0.5636363636363636,
      "recall": 0.62,
      "f1-score": 0.5904761904761905,
      "support": 100.0
    },
    "accuracy": 0.5502136752136753,
    "macro avg": {
      "precision": 0.5943905222208452,
      "recall": 0.5859054518477128,
      "f1-score": 0.5496998943993796,
      "support": 936.0
    },
    "weighted avg": {
      "precision": 0.5984434762393671,
      "recall": 0.5502136752136753,
      "f1-score": 0.5333843569804578,
      "support": 936.0
    }
  }
}