{
  "test_fold": 9,
  "val_fold": 8,
  "test_acc": 0.6262254901960784,
  "test_loss": 1.2154270163280707,
  "val_best_acc": 0.5260545905707196,
  "val_best_loss": 1.3674865481900234,
  "classification_report": {
    "0": {
      "precision": 0.22772277227722773,
      "recall": 0.23,
      "f1-score": 0.22885572139303484,
      "support": 100.0
    },
    "1": {
      "precision": 0.574468085106383,
      "recall": 0.84375,
      "f1-score": 0.6835443037974683,
      "support": 32.0
    },
    "2": {
      "precision": 0.9493670886075949,
      "recall": 0.75,
      "f1-score": 0.8379888268156425,
      "support": 100.0
    },
    "3": {
      "precision": 0.6352941176470588,
      "recall": 0.54,
      "f1-score": 0.5837837837837838,
      "support": 100.0
    },
    "4": {
      "precision": 0.6666666666666666,
      "recall": 0.36,
      "f1-score": 0.4675324675324675,
      "support": 100.0
    },
    "5": {
      "precision": 0.7254901960784313,
      "recall": 0.4157303370786517,
      "f1-score": 0.5285714285714286,
      "support": 89.0
    },
    "6": {
      "precision": 0.7073170731707317,
      "recall": 0.9354838709677419,
      "f1-score": 0.8055555555555556,
      "support": 31.0
    },
    "7": {
      "precision": 0.4934210526315789,
      "recall": 0.9146341463414634,
      "f1-score": 0.6410256410256411,
      "support": 82.0
    },
    "8": {
      "precision": 0.7415730337078652,
      "recall": 0.8048780487804879,
      "f1-score": 0.7719298245614035,
      "support": 82.0
    },
    "9": {
      "precision": 0.7606837606837606,
      "recall": 0.89,
      "f1-score": 0.8202764976958525,
      "support": 100.0
    },
    "accuracy": 0.6262254901960784,
    "macro avg": {
      "precision": 0.6482003846577299,
      "recall": 0.6684476403168345,
      "f1-score": 0.6369064050732278,
      "support": 816.0
    },
    "weighted avg": {
      "precision": 0.6496585675376747,
      "recall": 0.6262254901960784,
      "f1-score": 0.617150214444625,
      "support": 816.0
    }
  }
}