{
  "model": "cnn",
  "acc_mean": 0.6168914426544652,
  "acc_std": 0.05210710894433268,
  "folds": [
    1,
    2,
    3,
    4,
    5,
    6,
    7,
    8,
    9,
    10
  ]
}