{
  "test": {
    "acc": 0.6048109965635738,
    "loss": 1.1418840789369173
  },
  "best_val": {
    "acc": 0.6129032258064516,
    "loss": 0.9794339029877274
  },
  "confusion_matrix": [
    [
      11,
      0,
      9,
      6,
      4,
      39,
      0,
      28,
      3,
      0
    ],
    [
      0,
      29,
      0,
      0,
      0,
      0,
      6,
      0,
      1,
      0
    ],
    [
      1,
      0,
      84,
      6,
      1,
      2,
      0,
      0,
      1,
      5
    ],
    [
      0,
      0,
      7,
      73,
      0,
      4,
      6,
      2,
      8,
      0
    ],
    [
      4,
      1,
      2,
      0,
      72,
      3,
      2,
      3,
      13,
      0
    ],
    [
      0,
      0,
      0,
      0,
      5,
      60,
      0,
      28,
      3,
      0
    ],
    [
      0,
      0,
      0,
      16,
      7,
      0,
      12,
      0,
      0,
      0
    ],
    [
      0,
      0,
      0,
      0,
      0,
      64,
      0,
      56,
      0,
      0
    ],
    [
      0,
      0,
      2,
      0,
      0,
      9,
      0,
      0,
      75,
      0
    ],
    [
      7,
      13,
      2,
      0,
      4,
      8,
      0,
      2,
      8,
      56
    ]
  ],
  "classification_report": {
    "0": {
      "precision": 0.4782608695652174,
      "recall": 0.11,
      "f1-score": 0.17886178861788618,
      "support": 100.0
    },
    "1": {
      "precision": 0.6744186046511628,
      "recall": 0.8055555555555556,
      "f1-score": 0.7341772151898734,
      "support": 36.0
    },
    "2": {
      "precision": 0.7924528301886793,
      "recall": 0.84,
      "f1-score": 0.8155339805825242,
      "support": 100.0
    },
    "3": {
      "precision": 0.7227722772277227,
      "recall": 0.73,
      "f1-score": 0.7263681592039801,
      "support": 100.0
    },
    "4": {
      "precision": 0.7741935483870968,
      "recall": 0.72,
      "f1-score": 0.7461139896373057,
      "support": 100.0
    },
    "5": {
      "precision": 0.31746031746031744,
      "recall": 0.625,
      "f1-score": 0.42105263157894735,
      "support": 96.0
    },
    "6": {
      "precision": 0.46153846153846156,
      "recall": 0.34285714285714286,
      "f1-score": 0.39344262295081966,
      "support": 35.0
    },
    "7": {
      "precision": 0.47058823529411764,
      "recall": 0.4666666666666667,
      "f1-score": 0.4686192468619247,
      "support": 120.0
    },
    "8": {
      "precision": 0.6696428571428571,
      "recall": 0.872093023255814,
      "f1-score": 0.7575757575757576,
      "support": 86.0
    },
    "9": {
      "precision": 0.9180327868852459,
      "recall": 0.56,
      "f1-score": 0.6956521739130435,
      "support": 100.0
    },
    "accuracy": 0.6048109965635738,
    "macro avg": {
      "precision": 0.6279360788340879,
      "recall": 0.607217238833518,
      "f1-score": 0.5937397566112063,
      "support": 873.0
    },
    "weighted avg": {
      "precision": 0.6340666799226283,
      "recall": 0.6048109965635738,
      "f1-score": 0.5936549348821457,
      "support": 873.0
    }
  }
}