{
  "test": {
    "acc": 0.7411225658648339,
    "loss": 0.8225826793096283
  },
  "best_val": {
    "acc": 0.7479091995221028,
    "loss": 0.7546488897664085
  },
  "confusion_matrix": [
    [
      64,
      0,
      0,
      15,
      1,
      14,
      0,
      6,
      0,
      0
    ],
    [
      0,
      32,
      0,
      1,
      0,
      0,
      3,
      0,
      0,
      0
    ],
    [
      0,
      0,
      92,
      4,
      0,
      1,
      0,
      0,
      1,
      2
    ],
    [
      1,
      2,
      10,
      76,
      0,
      6,
      2,
      2,
      1,
      0
    ],
    [
      7,
      5,
      1,
      6,
      67,
      3,
      2,
      2,
      7,
      0
    ],
    [
      0,
      0,
      0,
      0,
      0,
      58,
      0,
      36,
      2,
      0
    ],
    [
      0,
      0,
      0,
      1,
      0,
      0,
      34,
      0,
      0,
      0
    ],
    [
      1,
      0,
      0,
      0,
      17,
      9,
      0,
      93,
      0,
      0
    ],
    [
      7,
      0,
      12,
      3,
      0,
      2,
      0,
      0,
      62,
      0
    ],
    [
      6,
      6,
      4,
      0,
      4,
      7,
      0,
      1,
      3,
      69
    ]
  ],
  "classification_report": {
    "0": {
      "precision": 0.7441860465116279,
      "recall": 0.64,
      "f1-score": 0.6881720430107527,
      "support": 100.0
    },
    "1": {
      "precision": 0.7111111111111111,
      "recall": 0.8888888888888888,
      "f1-score": 0.7901234567901234,
      "support": 36.0
    },
    "2": {
      "precision": 0.773109243697479,
      "recall": 0.92,
      "f1-score": 0.8401826484018264,
      "support": 100.0
    },
    "3": {
      "precision": 0.7169811320754716,
      "recall": 0.76,
      "f1-score": 0.7378640776699029,
      "support": 100.0
    },
    "4": {
      "precision": 0.7528089887640449,
      "recall": 0.67,
      "f1-score": 0.708994708994709,
      "support": 100.0
    },
    "5": {
      "precision": 0.58,
      "recall": 0.6041666666666666,
      "f1-score": 0.5918367346938775,
      "support": 96.0
    },
    "6": {
      "precision": 0.8292682926829268,
      "recall": 0.9714285714285714,
      "f1-score": 0.8947368421052632,
      "support": 35.0
    },
    "7": {
      "precision": 0.6642857142857143,
      "recall": 0.775,
      "f1-score": 0.7153846153846154,
      "support": 120.0
    },
    "8": {
      "precision": 0.8157894736842105,
      "recall": 0.7209302325581395,
      "f1-score": 0.7654320987654321,
      "support": 86.0
    },
    "9": {
      "precision": 0.971830985915493,
      "recall": 0.69,
      "f1-score": 0.8070175438596491,
      "support": 100.0
    },
    "accuracy": 0.7411225658648339,
    "macro avg": {
      "precision": 0.7559370988728079,
      "recall": 0.7640414359542266,
      "f1-score": 0.7539744769676152,
      "support": 873.0
    },
    "weighted avg": {
      "precision": 0.7515099775388796,
      "recall": 0.7411225658648339,
      "f1-score": 0.7405188739775554,
      "support": 873.0
    }
  }
}