{
  "test": {
    "acc": 0.699885452462772,
    "loss": 0.996859000729663
  },
  "best_val": {
    "acc": 0.6869772998805257,
    "loss": 0.9049705059991943
  },
  "confusion_matrix": [
    [
      67,
      0,
      4,
      10,
      2,
      9,
      0,
      8,
      0,
      0
    ],
    [
      0,
      27,
      0,
      0,
      0,
      0,
      3,
      0,
      0,
      6
    ],
    [
      3,
      0,
      87,
      4,
      0,
      0,
      0,
      0,
      0,
      6
    ],
    [
      1,
      0,
      11,
      70,
      0,
      3,
      9,
      2,
      4,
      0
    ],
    [
      8,
      1,
      7,
      2,
      67,
      3,
      2,
      9,
      1,
      0
    ],
    [
      1,
      0,
      0,
      0,
      31,
      54,
      0,
      9,
      1,
      0
    ],
    [
      0,
      0,
      0,
      3,
      6,
      0,
      26,
      0,
      0,
      0
    ],
    [
      2,
      0,
      0,
      0,
      0,
      46,
      0,
      72,
      0,
      0
    ],
    [
      0,
      0,
      5,
      0,
      0,
      9,
      0,
      0,
      72,
      0
    ],
    [
      9,
      2,
      4,
      0,
      4,
      1,
      0,
      2,
      9,
      69
    ]
  ],
  "classification_report": {
    "0": {
      "precision": 0.7362637362637363,
      "recall": 0.67,
      "f1-score": 0.7015706806282722,
      "support": 100.0
    },
    "1": {
      "precision": 0.9,
      "recall": 0.75,
      "f1-score": 0.8181818181818182,
      "support": 36.0
    },
    "2": {
      "precision": 0.7372881355932204,
      "recall": 0.87,
      "f1-score": 0.7981651376146789,
      "support": 100.0
    },
    "3": {
      "precision": 0.7865168539325843,
      "recall": 0.7,
      "f1-score": 0.7407407407407407,
      "support": 100.0
    },
    "4": {
      "precision": 0.6090909090909091,
      "recall": 0.67,
      "f1-score": 0.638095238095238,
      "support": 100.0
    },
    "5": {
      "precision": 0.432,
      "recall": 0.5625,
      "f1-score": 0.48868778280542985,
      "support": 96.0
    },
    "6": {
      "precision": 0.65,
      "recall": 0.7428571428571429,
      "f1-score": 0.6933333333333334,
      "support": 35.0
    },
    "7": {
      "precision": 0.7058823529411765,
      "recall": 0.6,
      "f1-score": 0.6486486486486487,
      "support": 120.0
    },
    "8": {
      "precision": 0.8275862068965517,
      "recall": 0.8372093023255814,
      "f1-score": 0.8323699421965318,
      "support": 86.0
    },
    "9": {
      "precision": 0.8518518518518519,
      "recall": 0.69,
      "f1-score": 0.7624309392265194,
      "support": 100.0
    },
    "accuracy": 0.699885452462772,
    "macro avg": {
      "precision": 0.7236480046570031,
      "recall": 0.7092566445182724,
      "f1-score": 0.7122224261471212,
      "support": 873.0
    },
    "weighted avg": {
      "precision": 0.71546557253067,
      "recall": 0.699885452462772,
      "f1-score": 0.7035019080960113,
      "support": 873.0
    }
  }
}