{
  "test": {
    "acc": 0.588774341351661,
    "loss": 1.0941369872201572
  },
  "best_val": {
    "acc": 0.5913978494623656,
    "loss": 1.1107908540739204
  },
  "confusion_matrix": [
    [
      7,
      0,
      5,
      3,
      0,
      28,
      0,
      57,
      0,
      0
    ],
    [
      0,
      24,
      0,
      0,
      0,
      0,
      12,
      0,
      0,
      0
    ],
    [
      4,
      0,
      42,
      3,
      1,
      2,
      0,
      1,
      11,
      36
    ],
    [
      6,
      0,
      4,
      63,
      0,
      5,
      13,
      2,
      7,
      0
    ],
    [
      2,
      1,
      5,
      0,
      58,
      3,
      5,
      24,
      2,
      0
    ],
    [
      3,
      0,
      0,
      0,
      7,
      54,
      0,
      32,
      0,
      0
    ],
    [
      0,
      0,
      0,
      0,
      6,
      3,
      26,
      0,
      0,
      0
    ],
    [
      0,
      0,
      0,
      0,
      0,
      6,
      0,
      114,
      0,
      0
    ],
    [
      1,
      0,
      2,
      0,
      2,
      11,
      0,
      0,
      70,
      0
    ],
    [
      8,
      19,
      0,
      0,
      2,
      2,
      0,
      5,
      8,
      56
    ]
  ],
  "classification_report": {
    "0": {
      "precision": 0.22580645161290322,
      "recall": 0.07,
      "f1-score": 0.10687022900763359,
      "support": 100.0
    },
    "1": {
      "precision": 0.5454545454545454,
      "recall": 0.6666666666666666,
      "f1-score": 0.6,
      "support": 36.0
    },
    "2": {
      "precision": 0.7241379310344828,
      "recall": 0.42,
      "f1-score": 0.5316455696202531,
      "support": 100.0
    },
    "3": {
      "precision": 0.9130434782608695,
      "recall": 0.63,
      "f1-score": 0.7455621301775148,
      "support": 100.0
    },
    "4": {
      "precision": 0.7631578947368421,
      "recall": 0.58,
      "f1-score": 0.6590909090909091,
      "support": 100.0
    },
    "5": {
      "precision": 0.47368421052631576,
      "recall": 0.5625,
      "f1-score": 0.5142857142857142,
      "support": 96.0
    },
    "6": {
      "precision": 0.4642857142857143,
      "recall": 0.7428571428571429,
      "f1-score": 0.5714285714285714,
      "support": 35.0
    },
    "7": {
      "precision": 0.4851063829787234,
      "recall": 0.95,
      "f1-score": 0.6422535211267606,
      "support": 120.0
    },
    "8": {
      "precision": 0.7142857142857143,
      "recall": 0.813953488372093,
      "f1-score": 0.7608695652173914,
      "support": 86.0
    },
    "9": {
      "precision": 0.6086956521739131,
      "recall": 0.56,
      "f1-score": 0.5833333333333334,
      "support": 100.0
    },
    "accuracy": 0.588774341351661,
    "macro avg": {
      "precision": 0.5917657975350024,
      "recall": 0.5995977297895904,
      "f1-score": 0.5715339543288082,
      "support": 873.0
    },
    "weighted avg": {
      "precision": 0.6007852531670209,
      "recall": 0.588774341351661,
      "f1-score": 0.5683010891618555,
      "support": 873.0
    }
  }
}