{
  "test": {
    "acc": 0.5383734249713631,
    "loss": 1.5004972155605043
  },
  "best_val_acc": 0.6117084826762246,
  "confusion_matrix": [
    [
      27,
      0,
      9,
      0,
      0,
      35,
      0,
      29,
      0,
      0
    ],
    [
      0,
      29,
      0,
      2,
      0,
      1,
      4,
      0,
      0,
      0
    ],
    [
      3,
      0,
      46,
      2,
      5,
      8,
      0,
      0,
      2,
      34
    ],
    [
      1,
      4,
      3,
      75,
      3,
      2,
      0,
      0,
      2,
      10
    ],
    [
      3,
      0,
      2,
      0,
      55,
      6,
      1,
      22,
      2,
      9
    ],
    [
      31,
      0,
      0,
      0,
      0,
      65,
      0,
      0,
      0,
      0
    ],
    [
      0,
      0,
      0,
      0,
      2,
      0,
      29,
      4,
      0,
      0
    ],
    [
      31,
      0,
      0,
      2,
      14,
      24,
      0,
      28,
      14,
      7
    ],
    [
      2,
      0,
      6,
      2,
      0,
      14,
      0,
      5,
      51,
      6
    ],
    [
      8,
      1,
      1,
      0,
      7,
      8,
      1,
      4,
      5,
      65
    ]
  ],
  "classification_report": {
    "0": {
      "precision": 0.25471698113207547,
      "recall": 0.27,
      "f1-score": 0.2621359223300971,
      "support": 100.0
    },
    "1": {
      "precision": 0.8529411764705882,
      "recall": 0.8055555555555556,
      "f1-score": 0.8285714285714286,
      "support": 36.0
    },
    "2": {
      "precision": 0.6865671641791045,
      "recall": 0.46,
      "f1-score": 0.5508982035928144,
      "support": 100.0
    },
    "3": {
      "precision": 0.9036144578313253,
      "recall": 0.75,
      "f1-score": 0.819672131147541,
      "support": 100.0
    },
    "4": {
      "precision": 0.6395348837209303,
      "recall": 0.55,
      "f1-score": 0.5913978494623656,
      "support": 100.0
    },
    "5": {
      "precision": 0.3987730061349693,
      "recall": 0.6770833333333334,
      "f1-score": 0.5019305019305019,
      "support": 96.0
    },
    "6": {
      "precision": 0.8285714285714286,
      "recall": 0.8285714285714286,
      "f1-score": 0.8285714285714286,
      "support": 35.0
    },
    "7": {
      "precision": 0.30434782608695654,
      "recall": 0.23333333333333334,
      "f1-score": 0.2641509433962264,
      "support": 120.0
    },
    "8": {
      "precision": 0.6710526315789473,
      "recall": 0.5930232558139535,
      "f1-score": 0.6296296296296297,
      "support": 86.0
    },
    "9": {
      "precision": 0.4961832061068702,
      "recall": 0.65,
      "f1-score": 0.5627705627705628,
      "support": 100.0
    },
    "accuracy": 0.5383734249713631,
    "macro avg": {
      "precision": 0.6036302761813197,
      "recall": 0.5817566906607605,
      "f1-score": 0.5839728601402596,
      "support": 873.0
    },
    "weighted avg": {
      "precision": 0.5616059858936462,
      "recall": 0.5383734249713631,
      "f1-score": 0.5401461946161891,
      "support": 873.0
    }
  },
  "config": {
    "folds": {
      "train": [
        2,
        3,
        4,
        5,
        6,
        7,
        8,
        9
      ],
      "val": 10,
      "test": 1
    },
    "audio": {
      "sr": 22050,
      "dur": 4.0,
      "n_mels": 64,
      "n_fft": 1024,
      "hop": 512,
      "log_db": true
    },
    "model": {
      "type": "GRU",
      "hidden": 128,
      "layers": 2,
      "bidir": true,
      "dropout": 0.2
    },
    "train": {
      "batch": 32,
      "epochs": 15,
      "lr": 0.001
    },
    "device": "mps"
  }
}