{
  "test_fold": 5,
  "val_fold": 6,
  "test_acc": 0.6047008547008547,
  "test_loss": 1.1174585785328721,
  "val_best_acc": 0.6415552855407047,
  "classification_report": {
    "0": {
      "precision": 0.47191011235955055,
      "recall": 0.42,
      "f1-score": 0.4444444444444444,
      "support": 100.0
    },
    "1": {
      "precision": 0.5571428571428572,
      "recall": 0.3979591836734694,
      "f1-score": 0.4642857142857143,
      "support": 98.0
    },
    "2": {
      "precision": 0.684931506849315,
      "recall": 0.5,
      "f1-score": 0.5780346820809249,
      "support": 100.0
    },
    "3": {
      "precision": 0.7435897435897436,
      "recall": 0.58,
      "f1-score": 0.651685393258427,
      "support": 100.0
    },
    "4": {
      "precision": 0.5616438356164384,
      "recall": 0.41,
      "f1-score": 0.47398843930635837,
      "support": 100.0
    },
    "5": {
      "precision": 0.7692307692307693,
      "recall": 0.37383177570093457,
      "f1-score": 0.5031446540880503,
      "support": 107.0
    },
    "6": {
      "precision": 0.5263157894736842,
      "recall": 1.0,
      "f1-score": 0.6896551724137931,
      "support": 40.0
    },
    "7": {
      "precision": 0.5769230769230769,
      "recall": 1.0,
      "f1-score": 0.7317073170731707,
      "support": 120.0
    },
    "8": {
      "precision": 0.6756756756756757,
      "recall": 0.704225352112676,
      "f1-score": 0.6896551724137931,
      "support": 71.0
    },
    "9": {
      "precision": 0.6013986013986014,
      "recall": 0.86,
      "f1-score": 0.7078189300411523,
      "support": 100.0
    },
    "accuracy": 0.6047008547008547,
    "macro avg": {
      "precision": 0.6168761968259713,
      "recall": 0.624601631148708,
      "f1-score": 0.5934419919405829,
      "support": 936.0
    },
    "weighted avg": {
      "precision": 0.6212729124698149,
      "recall": 0.6047008547008547,
      "f1-score": 0.5868485780846834,
      "support": 936.0
    }
  }
}