{
  "test_fold": 9,
  "val_fold": 10,
  "test_acc": 0.6703431372549019,
  "test_loss": 1.1497358546162455,
  "val_best_acc": 0.6941457586618877,
  "classification_report": {
    "0": {
      "precision": 0.4074074074074074,
      "recall": 0.22,
      "f1-score": 0.2857142857142857,
      "support": 100.0
    },
    "1": {
      "precision": 0.5952380952380952,
      "recall": 0.78125,
      "f1-score": 0.6756756756756757,
      "support": 32.0
    },
    "2": {
      "precision": 0.9193548387096774,
      "recall": 0.57,
      "f1-score": 0.7037037037037037,
      "support": 100.0
    },
    "3": {
      "precision": 0.6018518518518519,
      "recall": 0.65,
      "f1-score": 0.625,
      "support": 100.0
    },
    "4": {
      "precision": 0.574468085106383,
      "recall": 0.54,
      "f1-score": 0.5567010309278351,
      "support": 100.0
    },
    "5": {
      "precision": 0.7272727272727273,
      "recall": 0.898876404494382,
      "f1-score": 0.8040201005025126,
      "support": 89.0
    },
    "6": {
      "precision": 0.6739130434782609,
      "recall": 1.0,
      "f1-score": 0.8051948051948052,
      "support": 31.0
    },
    "7": {
      "precision": 0.6320754716981132,
      "recall": 0.8170731707317073,
      "f1-score": 0.7127659574468085,
      "support": 82.0
    },
    "8": {
      "precision": 0.8888888888888888,
      "recall": 0.7804878048780488,
      "f1-score": 0.8311688311688312,
      "support": 82.0
    },
    "9": {
      "precision": 0.6721311475409836,
      "recall": 0.82,
      "f1-score": 0.7387387387387387,
      "support": 100.0
    },
    "accuracy": 0.6703431372549019,
    "macro avg": {
      "precision": 0.6692601557192389,
      "recall": 0.7077687380104138,
      "f1-score": 0.6738683129073196,
      "support": 816.0
    },
    "weighted avg": {
      "precision": 0.6702286847456892,
      "recall": 0.6703431372549019,
      "f1-score": 0.656530487870494,
      "support": 816.0
    }
  }
}