{
  "test_fold": 2,
  "val_fold": 3,
  "test_acc": 0.5867117117117117,
  "test_loss": 1.369546570948192,
  "val_best_acc": 0.5935135135135136,
  "classification_report": {
    "0": {
      "precision": 0.5766423357664233,
      "recall": 0.79,
      "f1-score": 0.6666666666666666,
      "support": 100.0
    },
    "1": {
      "precision": 0.75,
      "recall": 0.5714285714285714,
      "f1-score": 0.6486486486486487,
      "support": 42.0
    },
    "2": {
      "precision": 0.5136612021857924,
      "recall": 0.94,
      "f1-score": 0.6643109540636042,
      "support": 100.0
    },
    "3": {
      "precision": 0.7311827956989247,
      "recall": 0.68,
      "f1-score": 0.7046632124352331,
      "support": 100.0
    },
    "4": {
      "precision": 0.3853658536585366,
      "recall": 0.79,
      "f1-score": 0.5180327868852459,
      "support": 100.0
    },
    "5": {
      "precision": 1.0,
      "recall": 0.04,
      "f1-score": 0.07692307692307693,
      "support": 100.0
    },
    "6": {
      "precision": 0.8518518518518519,
      "recall": 0.6571428571428571,
      "f1-score": 0.7419354838709677,
      "support": 35.0
    },
    "7": {
      "precision": 1.0,
      "recall": 0.06666666666666667,
      "f1-score": 0.125,
      "support": 120.0
    },
    "8": {
      "precision": 0.7,
      "recall": 0.6153846153846154,
      "f1-score": 0.6549707602339181,
      "support": 91.0
    },
    "9": {
      "precision": 0.7226890756302521,
      "recall": 0.86,
      "f1-score": 0.7853881278538812,
      "support": 100.0
    },
    "accuracy": 0.5867117117117117,
    "macro avg": {
      "precision": 0.723139311479178,
      "recall": 0.6010622710622712,
      "f1-score": 0.5586539717581243,
      "support": 888.0
    },
    "weighted avg": {
      "precision": 0.7184334922396484,
      "recall": 0.5867117117117117,
      "f1-score": 0.5286168995977303,
      "support": 888.0
    }
  }
}