{
  "test_fold": 7,
  "val_fold": 8,
  "test_acc": 0.6778042959427207,
  "test_loss": 0.8843993500426963,
  "val_best_acc": 0.5843672456575683,
  "classification_report": {
    "0": {
      "precision": 1.0,
      "recall": 0.03,
      "f1-score": 0.05825242718446602,
      "support": 100.0
    },
    "1": {
      "precision": 0.9166666666666666,
      "recall": 0.7857142857142857,
      "f1-score": 0.8461538461538461,
      "support": 28.0
    },
    "2": {
      "precision": 0.8955223880597015,
      "recall": 0.6,
      "f1-score": 0.718562874251497,
      "support": 100.0
    },
    "3": {
      "precision": 0.7636363636363637,
      "recall": 0.84,
      "f1-score": 0.8,
      "support": 100.0
    },
    "4": {
      "precision": 0.7714285714285715,
      "recall": 0.81,
      "f1-score": 0.7902439024390244,
      "support": 100.0
    },
    "5": {
      "precision": 0.46357615894039733,
      "recall": 0.660377358490566,
      "f1-score": 0.5447470817120622,
      "support": 106.0
    },
    "6": {
      "precision": 0.6986301369863014,
      "recall": 1.0,
      "f1-score": 0.8225806451612904,
      "support": 51.0
    },
    "7": {
      "precision": 0.616822429906542,
      "recall": 0.868421052631579,
      "f1-score": 0.7213114754098361,
      "support": 76.0
    },
    "8": {
      "precision": 0.5043478260869565,
      "recall": 0.7532467532467533,
      "f1-score": 0.6041666666666666,
      "support": 77.0
    },
    "9": {
      "precision": 0.8795180722891566,
      "recall": 0.73,
      "f1-score": 0.7978142076502732,
      "support": 100.0
    },
    "accuracy": 0.6778042959427207,
    "macro avg": {
      "precision": 0.7510148614000658,
      "recall": 0.7077759450083183,
      "f1-score": 0.6703833126628963,
      "support": 838.0
    },
    "weighted avg": {
      "precision": 0.7484006006248477,
      "recall": 0.6778042959427207,
      "f1-score": 0.6458412385131491,
      "support": 838.0
    }
  }
}