{
  "test_fold": 10,
  "val_fold": 1,
  "test_acc": 0.7072879330943848,
  "test_loss": 0.9323960047353197,
  "val_best_acc": 0.6632302405498282,
  "classification_report": {
    "0": {
      "precision": 0.6370967741935484,
      "recall": 0.79,
      "f1-score": 0.7053571428571429,
      "support": 100.0
    },
    "1": {
      "precision": 0.5357142857142857,
      "recall": 0.45454545454545453,
      "f1-score": 0.4918032786885246,
      "support": 33.0
    },
    "2": {
      "precision": 0.6260869565217392,
      "recall": 0.72,
      "f1-score": 0.6697674418604651,
      "support": 100.0
    },
    "3": {
      "precision": 0.8507462686567164,
      "recall": 0.57,
      "f1-score": 0.6826347305389222,
      "support": 100.0
    },
    "4": {
      "precision": 0.9491525423728814,
      "recall": 0.56,
      "f1-score": 0.7044025157232704,
      "support": 100.0
    },
    "5": {
      "precision": 0.6530612244897959,
      "recall": 0.6881720430107527,
      "f1-score": 0.6701570680628273,
      "support": 93.0
    },
    "6": {
      "precision": 0.8888888888888888,
      "recall": 1.0,
      "f1-score": 0.9411764705882353,
      "support": 32.0
    },
    "7": {
      "precision": 0.8378378378378378,
      "recall": 0.6458333333333334,
      "f1-score": 0.7294117647058823,
      "support": 96.0
    },
    "8": {
      "precision": 0.735632183908046,
      "recall": 0.7710843373493976,
      "f1-score": 0.7529411764705882,
      "support": 83.0
    },
    "9": {
      "precision": 0.610738255033557,
      "recall": 0.91,
      "f1-score": 0.7309236947791165,
      "support": 100.0
    },
    "accuracy": 0.7072879330943848,
    "macro avg": {
      "precision": 0.7324955217617297,
      "recall": 0.7109635168238939,
      "f1-score": 0.7078575284274975,
      "support": 837.0
    },
    "weighted avg": {
      "precision": 0.7356388209381259,
      "recall": 0.7072879330943848,
      "f1-score": 0.7054933837755114,
      "support": 837.0
    }
  }
}