{
  "test_fold": 1,
  "val_fold": 2,
  "test_acc": 0.715922107674685,
  "test_loss": 1.1327911873481102,
  "val_best_acc": 0.6542792792792793,
  "classification_report": {
    "0": {
      "precision": 0.5833333333333334,
      "recall": 0.49,
      "f1-score": 0.532608695652174,
      "support": 100.0
    },
    "1": {
      "precision": 1.0,
      "recall": 0.8611111111111112,
      "f1-score": 0.9253731343283582,
      "support": 36.0
    },
    "2": {
      "precision": 0.5161290322580645,
      "recall": 0.96,
      "f1-score": 0.6713286713286714,
      "support": 100.0
    },
    "3": {
      "precision": 0.7636363636363637,
      "recall": 0.84,
      "f1-score": 0.8,
      "support": 100.0
    },
    "4": {
      "precision": 0.5238095238095238,
      "recall": 0.66,
      "f1-score": 0.584070796460177,
      "support": 100.0
    },
    "5": {
      "precision": 0.8059701492537313,
      "recall": 0.5625,
      "f1-score": 0.6625766871165644,
      "support": 96.0
    },
    "6": {
      "precision": 1.0,
      "recall": 0.7142857142857143,
      "f1-score": 0.8333333333333334,
      "support": 35.0
    },
    "7": {
      "precision": 0.8941176470588236,
      "recall": 0.6333333333333333,
      "f1-score": 0.7414634146341463,
      "support": 120.0
    },
    "8": {
      "precision": 0.8607594936708861,
      "recall": 0.7906976744186046,
      "f1-score": 0.8242424242424242,
      "support": 86.0
    },
    "9": {
      "precision": 0.95,
      "recall": 0.76,
      "f1-score": 0.8444444444444444,
      "support": 100.0
    },
    "accuracy": 0.715922107674685,
    "macro avg": {
      "precision": 0.7897755543020727,
      "recall": 0.7271927833148762,
      "f1-score": 0.7419441601540293,
      "support": 873.0
    },
    "weighted avg": {
      "precision": 0.7598893399024533,
      "recall": 0.715922107674685,
      "f1-score": 0.7207252926634256,
      "support": 873.0
    }
  }
}