{
  "test_fold": 8,
  "val_fold": 9,
  "test_acc": 0.5942928039702233,
  "test_loss": 1.4391546676365228,
  "val_best_acc": 0.6801470588235294,
  "classification_report": {
    "0": {
      "precision": 0.3181818181818182,
      "recall": 0.35,
      "f1-score": 0.3333333333333333,
      "support": 100.0
    },
    "1": {
      "precision": 0.5106382978723404,
      "recall": 0.8,
      "f1-score": 0.6233766233766234,
      "support": 30.0
    },
    "2": {
      "precision": 0.6261682242990654,
      "recall": 0.67,
      "f1-score": 0.6473429951690821,
      "support": 100.0
    },
    "3": {
      "precision": 0.9558823529411765,
      "recall": 0.65,
      "f1-score": 0.7738095238095238,
      "support": 100.0
    },
    "4": {
      "precision": 0.8933333333333333,
      "recall": 0.67,
      "f1-score": 0.7657142857142857,
      "support": 100.0
    },
    "5": {
      "precision": 0.175,
      "recall": 0.07954545454545454,
      "f1-score": 0.109375,
      "support": 88.0
    },
    "6": {
      "precision": 0.8571428571428571,
      "recall": 1.0,
      "f1-score": 0.9230769230769231,
      "support": 30.0
    },
    "7": {
      "precision": 0.6097560975609756,
      "recall": 0.9615384615384616,
      "f1-score": 0.746268656716418,
      "support": 78.0
    },
    "8": {
      "precision": 0.64,
      "recall": 0.4,
      "f1-score": 0.49230769230769234,
      "support": 80.0
    },
    "9": {
      "precision": 0.5099337748344371,
      "recall": 0.77,
      "f1-score": 0.6135458167330677,
      "support": 100.0
    },
    "accuracy": 0.5942928039702233,
    "macro avg": {
      "precision": 0.6096036756166003,
      "recall": 0.6351083916083915,
      "f1-score": 0.6028150850236951,
      "support": 806.0
    },
    "weighted avg": {
      "precision": 0.6024123580883314,
      "recall": 0.5942928039702233,
      "f1-score": 0.5793880551836622,
      "support": 806.0
    }
  }
}