{
  "test_fold": 6,
  "val_fold": 7,
  "test_acc": 0.6913730255164034,
  "test_loss": 1.0210432822887714,
  "val_best_acc": 0.6085918854415274,
  "classification_report": {
    "0": {
      "precision": 0.4244604316546763,
      "recall": 0.59,
      "f1-score": 0.49372384937238495,
      "support": 100.0
    },
    "1": {
      "precision": 0.6296296296296297,
      "recall": 0.6071428571428571,
      "f1-score": 0.6181818181818182,
      "support": 28.0
    },
    "2": {
      "precision": 0.5870967741935483,
      "recall": 0.91,
      "f1-score": 0.7137254901960784,
      "support": 100.0
    },
    "3": {
      "precision": 0.9523809523809523,
      "recall": 0.6,
      "f1-score": 0.7361963190184049,
      "support": 100.0
    },
    "4": {
      "precision": 0.8207547169811321,
      "recall": 0.87,
      "f1-score": 0.8446601941747572,
      "support": 100.0
    },
    "5": {
      "precision": 0.7848101265822784,
      "recall": 0.5794392523364486,
      "f1-score": 0.6666666666666666,
      "support": 107.0
    },
    "6": {
      "precision": 0.8518518518518519,
      "recall": 1.0,
      "f1-score": 0.92,
      "support": 46.0
    },
    "7": {
      "precision": 0.7818181818181819,
      "recall": 0.6323529411764706,
      "f1-score": 0.6991869918699187,
      "support": 68.0
    },
    "8": {
      "precision": 0.9038461538461539,
      "recall": 0.6351351351351351,
      "f1-score": 0.746031746031746,
      "support": 74.0
    },
    "9": {
      "precision": 0.6129032258064516,
      "recall": 0.57,
      "f1-score": 0.5906735751295337,
      "support": 100.0
    },
    "accuracy": 0.6913730255164034,
    "macro avg": {
      "precision": 0.7349552044744857,
      "recall": 0.6994070185790913,
      "f1-score": 0.7029046650641309,
      "support": 823.0
    },
    "weighted avg": {
      "precision": 0.7297659297801292,
      "recall": 0.6913730255164034,
      "f1-score": 0.6945460895322524,
      "support": 823.0
    }
  }
}