{
  "test_fold": 4,
  "val_fold": 5,
  "test_acc": 0.604040404040404,
  "test_loss": 1.228997456450616,
  "val_best_acc": 0.6655982905982906,
  "classification_report": {
    "0": {
      "precision": 0.37579617834394907,
      "recall": 0.59,
      "f1-score": 0.4591439688715953,
      "support": 100.0
    },
    "1": {
      "precision": 1.0,
      "recall": 0.3898305084745763,
      "f1-score": 0.5609756097560976,
      "support": 59.0
    },
    "2": {
      "precision": 0.5596330275229358,
      "recall": 0.61,
      "f1-score": 0.583732057416268,
      "support": 100.0
    },
    "3": {
      "precision": 0.8333333333333334,
      "recall": 0.65,
      "f1-score": 0.7303370786516854,
      "support": 100.0
    },
    "4": {
      "precision": 0.7142857142857143,
      "recall": 0.35,
      "f1-score": 0.4697986577181208,
      "support": 100.0
    },
    "5": {
      "precision": 0.6602564102564102,
      "recall": 0.9626168224299065,
      "f1-score": 0.7832699619771863,
      "support": 107.0
    },
    "6": {
      "precision": 0.5862068965517241,
      "recall": 0.8947368421052632,
      "f1-score": 0.7083333333333334,
      "support": 38.0
    },
    "7": {
      "precision": 0.5446428571428571,
      "recall": 0.5083333333333333,
      "f1-score": 0.5258620689655172,
      "support": 120.0
    },
    "8": {
      "precision": 0.8454545454545455,
      "recall": 0.5602409638554217,
      "f1-score": 0.6739130434782609,
      "support": 166.0
    },
    "9": {
      "precision": 0.463768115942029,
      "recall": 0.64,
      "f1-score": 0.5378151260504201,
      "support": 100.0
    },
    "accuracy": 0.604040404040404,
    "macro avg": {
      "precision": 0.6583377078833499,
      "recall": 0.6155758470198501,
      "f1-score": 0.6033180906218484,
      "support": 990.0
    },
    "weighted avg": {
      "precision": 0.6588964972846414,
      "recall": 0.604040404040404,
      "f1-score": 0.6029089049877755,
      "support": 990.0
    }
  }
}