{
  "test_fold": 3,
  "val_fold": 4,
  "test_acc": 0.5275675675675676,
  "test_loss": 1.2626131516078423,
  "val_best_acc": 0.6383838383838384,
  "classification_report": {
    "0": {
      "precision": 0.24615384615384617,
      "recall": 0.16,
      "f1-score": 0.19393939393939394,
      "support": 100.0
    },
    "1": {
      "precision": 0.8780487804878049,
      "recall": 0.8372093023255814,
      "f1-score": 0.8571428571428571,
      "support": 43.0
    },
    "2": {
      "precision": 0.7384615384615385,
      "recall": 0.48,
      "f1-score": 0.5818181818181818,
      "support": 100.0
    },
    "3": {
      "precision": 0.8390804597701149,
      "recall": 0.73,
      "f1-score": 0.7807486631016043,
      "support": 100.0
    },
    "4": {
      "precision": 0.8309859154929577,
      "recall": 0.59,
      "f1-score": 0.6900584795321637,
      "support": 100.0
    },
    "5": {
      "precision": 0.19895287958115182,
      "recall": 0.35514018691588783,
      "f1-score": 0.2550335570469799,
      "support": 107.0
    },
    "6": {
      "precision": 0.5909090909090909,
      "recall": 0.7222222222222222,
      "f1-score": 0.65,
      "support": 36.0
    },
    "7": {
      "precision": 0.45652173913043476,
      "recall": 0.875,
      "f1-score": 0.6,
      "support": 120.0
    },
    "8": {
      "precision": 0.6111111111111112,
      "recall": 0.3697478991596639,
      "f1-score": 0.4607329842931937,
      "support": 119.0
    },
    "9": {
      "precision": 0.7288135593220338,
      "recall": 0.43,
      "f1-score": 0.5408805031446541,
      "support": 100.0
    },
    "accuracy": 0.5275675675675676,
    "macro avg": {
      "precision": 0.6119038920420083,
      "recall": 0.5549319610623356,
      "f1-score": 0.5610354620019028,
      "support": 925.0
    },
    "weighted avg": {
      "precision": 0.5904552927424969,
      "recall": 0.5275675675675676,
      "f1-score": 0.5330999791844968,
      "support": 925.0
    }
  }
}