{
  "model": "cnn",
  "acc_mean": 0.6380043841473857,
  "acc_std": 0.06267201180145344,
  "folds": [
    1,
    2,
    3,
    4,
    5,
    6,
    7,
    8,
    9,
    10
  ]
}