{
  "test": {
    "acc": 0.695303550973654,
    "loss": 1.1160065049855885
  },
  "best_val": {
    "acc": 0.6547192353643967,
    "loss": 1.0010157941647295
  },
  "confusion_matrix": [
    [
      51,
      0,
      30,
      2,
      0,
      5,
      0,
      4,
      7,
      1
    ],
    [
      0,
      12,
      0,
      0,
      0,
      0,
      10,
      0,
      2,
      12
    ],
    [
      0,
      0,
      90,
      3,
      0,
      0,
      0,
      0,
      3,
      4
    ],
    [
      0,
      0,
      15,
      65,
      0,
      1,
      10,
      2,
      7,
      0
    ],
    [
      2,
      0,
      3,
      1,
      57,
      1,
      3,
      1,
      32,
      0
    ],
    [
      1,
      0,
      0,
      0,
      31,
      53,
      0,
      7,
      4,
      0
    ],
    [
      0,
      0,
      0,
      7,
      6,
      0,
      22,
      0,
      0,
      0
    ],
    [
      2,
      0,
      0,
      0,
      0,
      13,
      0,
      105,
      0,
      0
    ],
    [
      0,
      0,
      2,
      0,
      0,
      3,
      0,
      0,
      81,
      0
    ],
    [
      8,
      4,
      3,
      0,
      0,
      3,
      0,
      1,
      10,
      71
    ]
  ],
  "classification_report": {
    "0": {
      "precision": 0.796875,
      "recall": 0.51,
      "f1-score": 0.6219512195121951,
      "support": 100.0
    },
    "1": {
      "precision": 0.75,
      "recall": 0.3333333333333333,
      "f1-score": 0.46153846153846156,
      "support": 36.0
    },
    "2": {
      "precision": 0.6293706293706294,
      "recall": 0.9,
      "f1-score": 0.7407407407407407,
      "support": 100.0
    },
    "3": {
      "precision": 0.8333333333333334,
      "recall": 0.65,
      "f1-score": 0.7303370786516854,
      "support": 100.0
    },
    "4": {
      "precision": 0.6063829787234043,
      "recall": 0.57,
      "f1-score": 0.5876288659793815,
      "support": 100.0
    },
    "5": {
      "precision": 0.6708860759493671,
      "recall": 0.5520833333333334,
      "f1-score": 0.6057142857142858,
      "support": 96.0
    },
    "6": {
      "precision": 0.4888888888888889,
      "recall": 0.6285714285714286,
      "f1-score": 0.55,
      "support": 35.0
    },
    "7": {
      "precision": 0.875,
      "recall": 0.875,
      "f1-score": 0.875,
      "support": 120.0
    },
    "8": {
      "precision": 0.5547945205479452,
      "recall": 0.9418604651162791,
      "f1-score": 0.6982758620689655,
      "support": 86.0
    },
    "9": {
      "precision": 0.8068181818181818,
      "recall": 0.71,
      "f1-score": 0.7553191489361702,
      "support": 100.0
    },
    "accuracy": 0.695303550973654,
    "macro avg": {
      "precision": 0.7012349608631749,
      "recall": 0.6670848560354374,
      "f1-score": 0.6626505663141885,
      "support": 873.0
    },
    "weighted avg": {
      "precision": 0.7199387348154964,
      "recall": 0.695303550973654,
      "f1-score": 0.6903360659380349,
      "support": 873.0
    }
  }
}