{
  "test": {
    "acc": 0.693012600229095,
    "loss": 1.010460061613809
  },
  "best_val": {
    "acc": 0.6869772998805257,
    "loss": 0.8827683090601327
  },
  "confusion_matrix": [
    [
      41,
      0,
      6,
      5,
      24,
      13,
      0,
      11,
      0,
      0
    ],
    [
      0,
      20,
      0,
      3,
      0,
      0,
      10,
      0,
      0,
      3
    ],
    [
      0,
      0,
      87,
      7,
      4,
      1,
      0,
      0,
      0,
      1
    ],
    [
      1,
      0,
      7,
      68,
      1,
      6,
      10,
      2,
      5,
      0
    ],
    [
      4,
      0,
      2,
      0,
      87,
      2,
      3,
      1,
      1,
      0
    ],
    [
      2,
      0,
      0,
      0,
      31,
      51,
      0,
      9,
      3,
      0
    ],
    [
      0,
      0,
      0,
      2,
      2,
      0,
      31,
      0,
      0,
      0
    ],
    [
      2,
      0,
      0,
      0,
      5,
      15,
      0,
      98,
      0,
      0
    ],
    [
      1,
      0,
      5,
      0,
      3,
      10,
      0,
      0,
      67,
      0
    ],
    [
      8,
      4,
      10,
      0,
      11,
      1,
      0,
      3,
      8,
      55
    ]
  ],
  "classification_report": {
    "0": {
      "precision": 0.6949152542372882,
      "recall": 0.41,
      "f1-score": 0.5157232704402516,
      "support": 100.0
    },
    "1": {
      "precision": 0.8333333333333334,
      "recall": 0.5555555555555556,
      "f1-score": 0.6666666666666666,
      "support": 36.0
    },
    "2": {
      "precision": 0.7435897435897436,
      "recall": 0.87,
      "f1-score": 0.8018433179723502,
      "support": 100.0
    },
    "3": {
      "precision": 0.8,
      "recall": 0.68,
      "f1-score": 0.7351351351351352,
      "support": 100.0
    },
    "4": {
      "precision": 0.5178571428571429,
      "recall": 0.87,
      "f1-score": 0.6492537313432836,
      "support": 100.0
    },
    "5": {
      "precision": 0.5151515151515151,
      "recall": 0.53125,
      "f1-score": 0.5230769230769231,
      "support": 96.0
    },
    "6": {
      "precision": 0.5740740740740741,
      "recall": 0.8857142857142857,
      "f1-score": 0.6966292134831461,
      "support": 35.0
    },
    "7": {
      "precision": 0.7903225806451613,
      "recall": 0.8166666666666667,
      "f1-score": 0.8032786885245902,
      "support": 120.0
    },
    "8": {
      "precision": 0.7976190476190477,
      "recall": 0.7790697674418605,
      "f1-score": 0.788235294117647,
      "support": 86.0
    },
    "9": {
      "precision": 0.9322033898305084,
      "recall": 0.55,
      "f1-score": 0.6918238993710691,
      "support": 100.0
    },
    "accuracy": 0.693012600229095,
    "macro avg": {
      "precision": 0.7199066081337815,
      "recall": 0.6948256275378368,
      "f1-score": 0.6871666140131063,
      "support": 873.0
    },
    "weighted avg": {
      "precision": 0.7237544546062586,
      "recall": 0.693012600229095,
      "f1-score": 0.6897560371484217,
      "support": 873.0
    }
  }
}