{
  "test": {
    "acc": 0.6781214203894617,
    "loss": 1.129154876938888
  },
  "best_val": {
    "acc": 0.6296296296296297,
    "loss": 0.9547015908691618
  },
  "confusion_matrix": [
    [
      37,
      0,
      1,
      24,
      24,
      0,
      0,
      14,
      0,
      0
    ],
    [
      0,
      36,
      0,
      0,
      0,
      0,
      0,
      0,
      0,
      0
    ],
    [
      1,
      0,
      77,
      17,
      2,
      0,
      0,
      0,
      0,
      3
    ],
    [
      0,
      2,
      2,
      88,
      1,
      1,
      2,
      1,
      2,
      1
    ],
    [
      8,
      1,
      2,
      1,
      83,
      0,
      5,
      0,
      0,
      0
    ],
    [
      1,
      0,
      0,
      0,
      32,
      41,
      1,
      18,
      3,
      0
    ],
    [
      0,
      0,
      0,
      11,
      2,
      0,
      22,
      0,
      0,
      0
    ],
    [
      6,
      0,
      0,
      0,
      21,
      10,
      1,
      82,
      0,
      0
    ],
    [
      0,
      0,
      5,
      3,
      2,
      10,
      0,
      0,
      66,
      0
    ],
    [
      12,
      4,
      3,
      1,
      9,
      1,
      0,
      4,
      6,
      60
    ]
  ],
  "classification_report": {
    "0": {
      "precision": 0.5692307692307692,
      "recall": 0.37,
      "f1-score": 0.4484848484848485,
      "support": 100.0
    },
    "1": {
      "precision": 0.8372093023255814,
      "recall": 1.0,
      "f1-score": 0.9113924050632911,
      "support": 36.0
    },
    "2": {
      "precision": 0.8555555555555555,
      "recall": 0.77,
      "f1-score": 0.8105263157894737,
      "support": 100.0
    },
    "3": {
      "precision": 0.6068965517241379,
      "recall": 0.88,
      "f1-score": 0.7183673469387755,
      "support": 100.0
    },
    "4": {
      "precision": 0.4715909090909091,
      "recall": 0.83,
      "f1-score": 0.6014492753623188,
      "support": 100.0
    },
    "5": {
      "precision": 0.6507936507936508,
      "recall": 0.4270833333333333,
      "f1-score": 0.5157232704402516,
      "support": 96.0
    },
    "6": {
      "precision": 0.7096774193548387,
      "recall": 0.6285714285714286,
      "f1-score": 0.6666666666666666,
      "support": 35.0
    },
    "7": {
      "precision": 0.6890756302521008,
      "recall": 0.6833333333333333,
      "f1-score": 0.6861924686192469,
      "support": 120.0
    },
    "8": {
      "precision": 0.8571428571428571,
      "recall": 0.7674418604651163,
      "f1-score": 0.8098159509202454,
      "support": 86.0
    },
    "9": {
      "precision": 0.9375,
      "recall": 0.6,
      "f1-score": 0.7317073170731707,
      "support": 100.0
    },
    "accuracy": 0.6781214203894617,
    "macro avg": {
      "precision": 0.71846726454704,
      "recall": 0.695642995570321,
      "f1-score": 0.6900325865358289,
      "support": 873.0
    },
    "weighted avg": {
      "precision": 0.7078295245612894,
      "recall": 0.6781214203894617,
      "f1-score": 0.6743341033862374,
      "support": 873.0
    }
  }
}