{
  "test_fold": 10,
  "val_fold": 1,
  "test_acc": 0.6152927120669056,
  "test_loss": 1.1143110990524292,
  "val_best_acc": 0.6323024054982818,
  "classification_report": {
    "0": {
      "precision": 0.3548387096774194,
      "recall": 0.22,
      "f1-score": 0.2716049382716049,
      "support": 100.0
    },
    "1": {
      "precision": 1.0,
      "recall": 0.3333333333333333,
      "f1-score": 0.5,
      "support": 33.0
    },
    "2": {
      "precision": 0.6444444444444445,
      "recall": 0.58,
      "f1-score": 0.6105263157894737,
      "support": 100.0
    },
    "3": {
      "precision": 0.8125,
      "recall": 0.52,
      "f1-score": 0.6341463414634146,
      "support": 100.0
    },
    "4": {
      "precision": 0.6857142857142857,
      "recall": 0.48,
      "f1-score": 0.5647058823529412,
      "support": 100.0
    },
    "5": {
      "precision": 0.4785276073619632,
      "recall": 0.8387096774193549,
      "f1-score": 0.609375,
      "support": 93.0
    },
    "6": {
      "precision": 0.47368421052631576,
      "recall": 0.84375,
      "f1-score": 0.6067415730337079,
      "support": 32.0
    },
    "7": {
      "precision": 0.775,
      "recall": 0.96875,
      "f1-score": 0.8611111111111112,
      "support": 96.0
    },
    "8": {
      "precision": 0.49,
      "recall": 0.5903614457831325,
      "f1-score": 0.5355191256830601,
      "support": 83.0
    },
    "9": {
      "precision": 0.77,
      "recall": 0.77,
      "f1-score": 0.77,
      "support": 100.0
    },
    "accuracy": 0.6152927120669056,
    "macro avg": {
      "precision": 0.6484709257724429,
      "recall": 0.6144904456535821,
      "f1-score": 0.5963730287705313,
      "support": 837.0
    },
    "weighted avg": {
      "precision": 0.638567151977443,
      "recall": 0.6152927120669056,
      "f1-score": 0.6031071770886294,
      "support": 837.0
    }
  }
}