{
  "test_fold": 6,
  "val_fold": 7,
  "test_acc": 0.6172539489671932,
  "test_loss": 1.1695091214317541,
  "val_best_acc": 0.6145584725536993,
  "classification_report": {
    "0": {
      "precision": 0.38095238095238093,
      "recall": 0.32,
      "f1-score": 0.34782608695652173,
      "support": 100.0
    },
    "1": {
      "precision": 0.5,
      "recall": 0.14285714285714285,
      "f1-score": 0.2222222222222222,
      "support": 28.0
    },
    "2": {
      "precision": 0.7380952380952381,
      "recall": 0.62,
      "f1-score": 0.6739130434782609,
      "support": 100.0
    },
    "3": {
      "precision": 0.7590361445783133,
      "recall": 0.63,
      "f1-score": 0.6885245901639344,
      "support": 100.0
    },
    "4": {
      "precision": 0.7551020408163265,
      "recall": 0.74,
      "f1-score": 0.7474747474747475,
      "support": 100.0
    },
    "5": {
      "precision": 0.7538461538461538,
      "recall": 0.45794392523364486,
      "f1-score": 0.5697674418604651,
      "support": 107.0
    },
    "6": {
      "precision": 0.547945205479452,
      "recall": 0.8695652173913043,
      "f1-score": 0.6722689075630253,
      "support": 46.0
    },
    "7": {
      "precision": 0.6233766233766234,
      "recall": 0.7058823529411765,
      "f1-score": 0.6620689655172414,
      "support": 68.0
    },
    "8": {
      "precision": 0.7432432432432432,
      "recall": 0.7432432432432432,
      "f1-score": 0.7432432432432432,
      "support": 74.0
    },
    "9": {
      "precision": 0.4576271186440678,
      "recall": 0.81,
      "f1-score": 0.5848375451263538,
      "support": 100.0
    },
    "accuracy": 0.6172539489671932,
    "macro avg": {
      "precision": 0.6259224149031799,
      "recall": 0.6039491881666512,
      "f1-score": 0.5912146793606016,
      "support": 823.0
    },
    "weighted avg": {
      "precision": 0.6395357480095217,
      "recall": 0.6172539489671932,
      "f1-score": 0.610437423115851,
      "support": 823.0
    }
  }
}