{
  "test_fold": 5,
  "val_fold": 6,
  "test_acc": 0.5790598290598291,
  "test_loss": 1.2395527525726011,
  "val_best_acc": 0.5990279465370595,
  "classification_report": {
    "0": {
      "precision": 0.4946236559139785,
      "recall": 0.46,
      "f1-score": 0.47668393782383417,
      "support": 100.0
    },
    "1": {
      "precision": 0.6764705882352942,
      "recall": 0.23469387755102042,
      "f1-score": 0.3484848484848485,
      "support": 98.0
    },
    "2": {
      "precision": 0.5950413223140496,
      "recall": 0.72,
      "f1-score": 0.6515837104072398,
      "support": 100.0
    },
    "3": {
      "precision": 0.5742574257425742,
      "recall": 0.58,
      "f1-score": 0.5771144278606966,
      "support": 100.0
    },
    "4": {
      "precision": 0.36486486486486486,
      "recall": 0.54,
      "f1-score": 0.43548387096774194,
      "support": 100.0
    },
    "5": {
      "precision": 0.7160493827160493,
      "recall": 0.5420560747663551,
      "f1-score": 0.6170212765957447,
      "support": 107.0
    },
    "6": {
      "precision": 0.40789473684210525,
      "recall": 0.775,
      "f1-score": 0.5344827586206896,
      "support": 40.0
    },
    "7": {
      "precision": 0.6043956043956044,
      "recall": 0.9166666666666666,
      "f1-score": 0.7284768211920529,
      "support": 120.0
    },
    "8": {
      "precision": 0.88,
      "recall": 0.6197183098591549,
      "f1-score": 0.7272727272727273,
      "support": 71.0
    },
    "9": {
      "precision": 0.92,
      "recall": 0.46,
      "f1-score": 0.6133333333333333,
      "support": 100.0
    },
    "accuracy": 0.5790598290598291,
    "macro avg": {
      "precision": 0.6233597581024519,
      "recall": 0.5848134928843197,
      "f1-score": 0.5709937712558909,
      "support": 936.0
    },
    "weighted avg": {
      "precision": 0.6293946479512602,
      "recall": 0.5790598290598291,
      "f1-score": 0.5726769362294679,
      "support": 936.0
    }
  }
}