{
  "test_fold": 4,
  "val_fold": 5,
  "test_acc": 0.5646464646464646,
  "test_loss": 1.3401374768826269,
  "val_best_acc": 0.5651709401709402,
  "classification_report": {
    "0": {
      "precision": 0.36024844720496896,
      "recall": 0.58,
      "f1-score": 0.4444444444444444,
      "support": 100.0
    },
    "1": {
      "precision": 0.9166666666666666,
      "recall": 0.1864406779661017,
      "f1-score": 0.30985915492957744,
      "support": 59.0
    },
    "2": {
      "precision": 0.8787878787878788,
      "recall": 0.58,
      "f1-score": 0.6987951807228916,
      "support": 100.0
    },
    "3": {
      "precision": 0.7378640776699029,
      "recall": 0.76,
      "f1-score": 0.7487684729064039,
      "support": 100.0
    },
    "4": {
      "precision": 0.5034013605442177,
      "recall": 0.74,
      "f1-score": 0.5991902834008097,
      "support": 100.0
    },
    "5": {
      "precision": 0.7710843373493976,
      "recall": 0.5981308411214953,
      "f1-score": 0.6736842105263158,
      "support": 107.0
    },
    "6": {
      "precision": 0.5254237288135594,
      "recall": 0.8157894736842105,
      "f1-score": 0.6391752577319587,
      "support": 38.0
    },
    "7": {
      "precision": 0.4032258064516129,
      "recall": 0.4166666666666667,
      "f1-score": 0.4098360655737705,
      "support": 120.0
    },
    "8": {
      "precision": 0.851063829787234,
      "recall": 0.4819277108433735,
      "f1-score": 0.6153846153846154,
      "support": 166.0
    },
    "9": {
      "precision": 0.40425531914893614,
      "recall": 0.57,
      "f1-score": 0.4730290456431535,
      "support": 100.0
    },
    "accuracy": 0.5646464646464646,
    "macro avg": {
      "precision": 0.6352021452424375,
      "recall": 0.5728955370281847,
      "f1-score": 0.561216673126394,
      "support": 990.0
    },
    "weighted avg": {
      "precision": 0.641085717150605,
      "recall": 0.5646464646464646,
      "f1-score": 0.5680924012075195,
      "support": 990.0
    }
  }
}