{
  "test_fold": 8,
  "val_fold": 9,
  "test_acc": 0.5099255583126551,
  "test_loss": 1.5159542630700504,
  "val_best_acc": 0.6115196078431373,
  "classification_report": {
    "0": {
      "precision": 0.014285714285714285,
      "recall": 0.01,
      "f1-score": 0.011764705882352941,
      "support": 100.0
    },
    "1": {
      "precision": 0.625,
      "recall": 0.6666666666666666,
      "f1-score": 0.6451612903225806,
      "support": 30.0
    },
    "2": {
      "precision": 0.7021276595744681,
      "recall": 0.33,
      "f1-score": 0.4489795918367347,
      "support": 100.0
    },
    "3": {
      "precision": 0.7804878048780488,
      "recall": 0.64,
      "f1-score": 0.7032967032967034,
      "support": 100.0
    },
    "4": {
      "precision": 0.5617283950617284,
      "recall": 0.91,
      "f1-score": 0.6946564885496184,
      "support": 100.0
    },
    "5": {
      "precision": 0.5052631578947369,
      "recall": 0.5454545454545454,
      "f1-score": 0.5245901639344263,
      "support": 88.0
    },
    "6": {
      "precision": 0.6382978723404256,
      "recall": 1.0,
      "f1-score": 0.7792207792207793,
      "support": 30.0
    },
    "7": {
      "precision": 0.4098360655737705,
      "recall": 0.6410256410256411,
      "f1-score": 0.5,
      "support": 78.0
    },
    "8": {
      "precision": 0.5172413793103449,
      "recall": 0.1875,
      "f1-score": 0.27522935779816515,
      "support": 80.0
    },
    "9": {
      "precision": 0.49166666666666664,
      "recall": 0.59,
      "f1-score": 0.5363636363636364,
      "support": 100.0
    },
    "accuracy": 0.5099255583126551,
    "macro avg": {
      "precision": 0.5245934715585905,
      "recall": 0.5520646853146853,
      "f1-score": 0.5119262717204996,
      "support": 806.0
    },
    "weighted avg": {
      "precision": 0.5096007959940371,
      "recall": 0.5099255583126551,
      "f1-score": 0.4831511882497371,
      "support": 806.0
    }
  }
}