{
  "test_fold": 1,
  "val_fold": 2,
  "test_acc": 0.581901489117984,
  "test_loss": 1.2401442783800039,
  "val_best_acc": 0.5608108108108109,
  "classification_report": {
    "0": {
      "precision": 0.5106382978723404,
      "recall": 0.48,
      "f1-score": 0.4948453608247423,
      "support": 100.0
    },
    "1": {
      "precision": 0.8421052631578947,
      "recall": 0.4444444444444444,
      "f1-score": 0.5818181818181818,
      "support": 36.0
    },
    "2": {
      "precision": 0.559322033898305,
      "recall": 0.66,
      "f1-score": 0.6055045871559633,
      "support": 100.0
    },
    "3": {
      "precision": 0.8045977011494253,
      "recall": 0.7,
      "f1-score": 0.7486631016042781,
      "support": 100.0
    },
    "4": {
      "precision": 0.49038461538461536,
      "recall": 0.51,
      "f1-score": 0.5,
      "support": 100.0
    },
    "5": {
      "precision": 0.36363636363636365,
      "recall": 0.2916666666666667,
      "f1-score": 0.3236994219653179,
      "support": 96.0
    },
    "6": {
      "precision": 0.45454545454545453,
      "recall": 0.7142857142857143,
      "f1-score": 0.5555555555555556,
      "support": 35.0
    },
    "7": {
      "precision": 0.828125,
      "recall": 0.44166666666666665,
      "f1-score": 0.5760869565217391,
      "support": 120.0
    },
    "8": {
      "precision": 0.6862745098039216,
      "recall": 0.813953488372093,
      "f1-score": 0.7446808510638298,
      "support": 86.0
    },
    "9": {
      "precision": 0.5294117647058824,
      "recall": 0.81,
      "f1-score": 0.6403162055335968,
      "support": 100.0
    },
    "accuracy": 0.581901489117984,
    "macro avg": {
      "precision": 0.6069041004154203,
      "recall": 0.5866016980435586,
      "f1-score": 0.5771170222043205,
      "support": 873.0
    },
    "weighted avg": {
      "precision": 0.605915258231455,
      "recall": 0.581901489117984,
      "f1-score": 0.5768281294209915,
      "support": 873.0
    }
  }
}