{
  "test_fold": 7,
  "val_fold": 8,
  "test_acc": 0.4701670644391408,
  "test_loss": 1.462899482475137,
  "val_best_acc": 0.5558312655086849,
  "classification_report": {
    "0": {
      "precision": 0.05333333333333334,
      "recall": 0.04,
      "f1-score": 0.045714285714285714,
      "support": 100.0
    },
    "1": {
      "precision": 0.5454545454545454,
      "recall": 0.21428571428571427,
      "f1-score": 0.3076923076923077,
      "support": 28.0
    },
    "2": {
      "precision": 0.7407407407407407,
      "recall": 0.4,
      "f1-score": 0.5194805194805194,
      "support": 100.0
    },
    "3": {
      "precision": 0.723404255319149,
      "recall": 0.68,
      "f1-score": 0.7010309278350515,
      "support": 100.0
    },
    "4": {
      "precision": 0.7733333333333333,
      "recall": 0.58,
      "f1-score": 0.6628571428571428,
      "support": 100.0
    },
    "5": {
      "precision": 0.30363036303630364,
      "recall": 0.8679245283018868,
      "f1-score": 0.44987775061124696,
      "support": 106.0
    },
    "6": {
      "precision": 0.5178571428571429,
      "recall": 0.5686274509803921,
      "f1-score": 0.5420560747663551,
      "support": 51.0
    },
    "7": {
      "precision": 0.38235294117647056,
      "recall": 0.17105263157894737,
      "f1-score": 0.23636363636363636,
      "support": 76.0
    },
    "8": {
      "precision": 0.3829787234042553,
      "recall": 0.23376623376623376,
      "f1-score": 0.2903225806451613,
      "support": 77.0
    },
    "9": {
      "precision": 0.7415730337078652,
      "recall": 0.66,
      "f1-score": 0.6984126984126984,
      "support": 100.0
    },
    "accuracy": 0.4701670644391408,
    "macro avg": {
      "precision": 0.516465841236314,
      "recall": 0.44156565589131735,
      "f1-score": 0.4453807924378405,
      "support": 838.0
    },
    "weighted avg": {
      "precision": 0.5198746001375553,
      "recall": 0.4701670644391408,
      "f1-score": 0.46183212231091225,
      "support": 838.0
    }
  }
}