{
  "test_fold": 9,
  "val_fold": 10,
  "test_acc": 0.5612745098039216,
  "test_loss": 1.244211402557352,
  "val_best_acc": 0.6057347670250897,
  "classification_report": {
    "0": {
      "precision": 0.0,
      "recall": 0.0,
      "f1-score": 0.0,
      "support": 100.0
    },
    "1": {
      "precision": 0.5151515151515151,
      "recall": 0.53125,
      "f1-score": 0.5230769230769231,
      "support": 32.0
    },
    "2": {
      "precision": 0.6097560975609756,
      "recall": 0.5,
      "f1-score": 0.5494505494505495,
      "support": 100.0
    },
    "3": {
      "precision": 0.46621621621621623,
      "recall": 0.69,
      "f1-score": 0.5564516129032258,
      "support": 100.0
    },
    "4": {
      "precision": 0.49230769230769234,
      "recall": 0.32,
      "f1-score": 0.3878787878787879,
      "support": 100.0
    },
    "5": {
      "precision": 0.6258992805755396,
      "recall": 0.9775280898876404,
      "f1-score": 0.7631578947368421,
      "support": 89.0
    },
    "6": {
      "precision": 0.46551724137931033,
      "recall": 0.8709677419354839,
      "f1-score": 0.6067415730337079,
      "support": 31.0
    },
    "7": {
      "precision": 0.5109489051094891,
      "recall": 0.8536585365853658,
      "f1-score": 0.639269406392694,
      "support": 82.0
    },
    "8": {
      "precision": 0.4603174603174603,
      "recall": 0.35365853658536583,
      "f1-score": 0.4,
      "support": 82.0
    },
    "9": {
      "precision": 0.9506172839506173,
      "recall": 0.77,
      "f1-score": 0.850828729281768,
      "support": 100.0
    },
    "accuracy": 0.5612745098039216,
    "macro avg": {
      "precision": 0.5096731692568816,
      "recall": 0.5867062904993855,
      "f1-score": 0.5276855476754498,
      "support": 816.0
    },
    "weighted avg": {
      "precision": 0.512444227827684,
      "recall": 0.5612745098039216,
      "f1-score": 0.5185656399628915,
      "support": 816.0
    }
  }
}