{
  "test_fold": 3,
  "val_fold": 4,
  "test_acc": 0.49945945945945946,
  "test_loss": 1.3197861221329918,
  "val_best_acc": 0.5212121212121212,
  "classification_report": {
    "0": {
      "precision": 0.3394495412844037,
      "recall": 0.37,
      "f1-score": 0.35406698564593303,
      "support": 100.0
    },
    "1": {
      "precision": 0.6229508196721312,
      "recall": 0.8837209302325582,
      "f1-score": 0.7307692307692307,
      "support": 43.0
    },
    "2": {
      "precision": 0.7368421052631579,
      "recall": 0.42,
      "f1-score": 0.535031847133758,
      "support": 100.0
    },
    "3": {
      "precision": 0.7659574468085106,
      "recall": 0.72,
      "f1-score": 0.7422680412371134,
      "support": 100.0
    },
    "4": {
      "precision": 0.44047619047619047,
      "recall": 0.74,
      "f1-score": 0.5522388059701493,
      "support": 100.0
    },
    "5": {
      "precision": 0.24285714285714285,
      "recall": 0.1588785046728972,
      "f1-score": 0.192090395480226,
      "support": 107.0
    },
    "6": {
      "precision": 0.5862068965517241,
      "recall": 0.4722222222222222,
      "f1-score": 0.5230769230769231,
      "support": 36.0
    },
    "7": {
      "precision": 0.2076923076923077,
      "recall": 0.225,
      "f1-score": 0.216,
      "support": 120.0
    },
    "8": {
      "precision": 0.7183098591549296,
      "recall": 0.42857142857142855,
      "f1-score": 0.5368421052631579,
      "support": 119.0
    },
    "9": {
      "precision": 0.6397058823529411,
      "recall": 0.87,
      "f1-score": 0.7372881355932204,
      "support": 100.0
    },
    "accuracy": 0.49945945945945946,
    "macro avg": {
      "precision": 0.5300448192113439,
      "recall": 0.5288393085699106,
      "f1-score": 0.5119672470169712,
      "support": 925.0
    },
    "weighted avg": {
      "precision": 0.5151579617173101,
      "recall": 0.49945945945945946,
      "f1-score": 0.48940660600493346,
      "support": 925.0
    }
  }
}