{
  "test_fold": 2,
  "val_fold": 3,
  "test_acc": 0.509009009009009,
  "test_loss": 1.246497375092336,
  "val_best_acc": 0.518918918918919,
  "classification_report": {
    "0": {
      "precision": 0.33544303797468356,
      "recall": 0.53,
      "f1-score": 0.4108527131782946,
      "support": 100.0
    },
    "1": {
      "precision": 0.5384615384615384,
      "recall": 0.3333333333333333,
      "f1-score": 0.4117647058823529,
      "support": 42.0
    },
    "2": {
      "precision": 0.5816993464052288,
      "recall": 0.89,
      "f1-score": 0.7035573122529645,
      "support": 100.0
    },
    "3": {
      "precision": 0.7064220183486238,
      "recall": 0.77,
      "f1-score": 0.7368421052631579,
      "support": 100.0
    },
    "4": {
      "precision": 0.6585365853658537,
      "recall": 0.54,
      "f1-score": 0.5934065934065934,
      "support": 100.0
    },
    "5": {
      "precision": 0.24050632911392406,
      "recall": 0.38,
      "f1-score": 0.29457364341085274,
      "support": 100.0
    },
    "6": {
      "precision": 0.3235294117647059,
      "recall": 0.6285714285714286,
      "f1-score": 0.42718446601941745,
      "support": 35.0
    },
    "7": {
      "precision": 0.7,
      "recall": 0.058333333333333334,
      "f1-score": 0.1076923076923077,
      "support": 120.0
    },
    "8": {
      "precision": 0.6857142857142857,
      "recall": 0.26373626373626374,
      "f1-score": 0.38095238095238093,
      "support": 91.0
    },
    "9": {
      "precision": 0.8314606741573034,
      "recall": 0.74,
      "f1-score": 0.783068783068783,
      "support": 100.0
    },
    "accuracy": 0.509009009009009,
    "macro avg": {
      "precision": 0.5601773227306147,
      "recall": 0.5133974358974359,
      "f1-score": 0.48498950111271055,
      "support": 888.0
    },
    "weighted avg": {
      "precision": 0.5807947220312062,
      "recall": 0.509009009009009,
      "f1-score": 0.4865601718530931,
      "support": 888.0
    }
  }
}