{
  "model": "cnn",
  "acc_mean": 0.5507990044882562,
  "acc_std": 0.050769113584356436,
  "folds": [
    1,
    2,
    3,
    4,
    5,
    6,
    7,
    8,
    9,
    10
  ]
}