{
  "test": {
    "acc": 0.6632302405498282,
    "loss": 0.9647658924971309
  },
  "best_val": {
    "acc": 0.6810035842293907,
    "loss": 0.9036173561105022
  },
  "confusion_matrix": [
    [
      36,
      0,
      7,
      6,
      0,
      7,
      0,
      44,
      0,
      0
    ],
    [
      0,
      36,
      0,
      0,
      0,
      0,
      0,
      0,
      0,
      0
    ],
    [
      2,
      0,
      77,
      3,
      0,
      0,
      0,
      1,
      0,
      17
    ],
    [
      4,
      5,
      8,
      70,
      0,
      5,
      5,
      2,
      0,
      1
    ],
    [
      6,
      5,
      5,
      0,
      69,
      1,
      0,
      14,
      0,
      0
    ],
    [
      6,
      0,
      0,
      0,
      5,
      41,
      1,
      43,
      0,
      0
    ],
    [
      0,
      0,
      0,
      0,
      0,
      0,
      34,
      1,
      0,
      0
    ],
    [
      0,
      0,
      0,
      0,
      0,
      21,
      0,
      99,
      0,
      0
    ],
    [
      0,
      0,
      10,
      0,
      0,
      12,
      0,
      1,
      43,
      20
    ],
    [
      7,
      3,
      0,
      0,
      8,
      1,
      0,
      5,
      2,
      74
    ]
  ],
  "classification_report": {
    "0": {
      "precision": 0.5901639344262295,
      "recall": 0.36,
      "f1-score": 0.4472049689440994,
      "support": 100.0
    },
    "1": {
      "precision": 0.7346938775510204,
      "recall": 1.0,
      "f1-score": 0.8470588235294118,
      "support": 36.0
    },
    "2": {
      "precision": 0.719626168224299,
      "recall": 0.77,
      "f1-score": 0.7439613526570048,
      "support": 100.0
    },
    "3": {
      "precision": 0.8860759493670886,
      "recall": 0.7,
      "f1-score": 0.7821229050279329,
      "support": 100.0
    },
    "4": {
      "precision": 0.8414634146341463,
      "recall": 0.69,
      "f1-score": 0.7582417582417582,
      "support": 100.0
    },
    "5": {
      "precision": 0.4659090909090909,
      "recall": 0.4270833333333333,
      "f1-score": 0.44565217391304346,
      "support": 96.0
    },
    "6": {
      "precision": 0.85,
      "recall": 0.9714285714285714,
      "f1-score": 0.9066666666666666,
      "support": 35.0
    },
    "7": {
      "precision": 0.4714285714285714,
      "recall": 0.825,
      "f1-score": 0.6,
      "support": 120.0
    },
    "8": {
      "precision": 0.9555555555555556,
      "recall": 0.5,
      "f1-score": 0.6564885496183206,
      "support": 86.0
    },
    "9": {
      "precision": 0.6607142857142857,
      "recall": 0.74,
      "f1-score": 0.6981132075471698,
      "support": 100.0
    },
    "accuracy": 0.6632302405498282,
    "macro avg": {
      "precision": 0.7175630847810288,
      "recall": 0.6983511904761904,
      "f1-score": 0.6885510406145408,
      "support": 873.0
    },
    "weighted avg": {
      "precision": 0.6981441396390845,
      "recall": 0.6632302405498282,
      "f1-score": 0.66028922587058,
      "support": 873.0
    }
  }
}