{
  "test": {
    "acc": 0.565864833906071,
    "loss": 1.9067235294729472
  },
  "best_val": {
    "acc": 0.6308243727598566,
    "loss": 1.276509631530575
  },
  "confusion_matrix": [
    [
      25,
      0,
      19,
      0,
      7,
      18,
      0,
      30,
      0,
      1
    ],
    [
      0,
      34,
      0,
      2,
      0,
      0,
      0,
      0,
      0,
      0
    ],
    [
      0,
      0,
      63,
      5,
      6,
      1,
      0,
      1,
      0,
      24
    ],
    [
      1,
      3,
      10,
      80,
      2,
      0,
      0,
      0,
      0,
      4
    ],
    [
      1,
      1,
      5,
      1,
      60,
      9,
      0,
      13,
      1,
      9
    ],
    [
      26,
      0,
      2,
      0,
      11,
      54,
      0,
      0,
      0,
      3
    ],
    [
      0,
      0,
      0,
      0,
      7,
      0,
      27,
      1,
      0,
      0
    ],
    [
      11,
      0,
      24,
      0,
      58,
      0,
      0,
      17,
      6,
      4
    ],
    [
      2,
      0,
      20,
      2,
      0,
      0,
      0,
      0,
      62,
      0
    ],
    [
      3,
      0,
      8,
      0,
      9,
      2,
      0,
      2,
      4,
      72
    ]
  ],
  "classification_report": {
    "0": {
      "precision": 0.36231884057971014,
      "recall": 0.25,
      "f1-score": 0.2958579881656805,
      "support": 100.0
    },
    "1": {
      "precision": 0.8947368421052632,
      "recall": 0.9444444444444444,
      "f1-score": 0.918918918918919,
      "support": 36.0
    },
    "2": {
      "precision": 0.41721854304635764,
      "recall": 0.63,
      "f1-score": 0.50199203187251,
      "support": 100.0
    },
    "3": {
      "precision": 0.8888888888888888,
      "recall": 0.8,
      "f1-score": 0.8421052631578947,
      "support": 100.0
    },
    "4": {
      "precision": 0.375,
      "recall": 0.6,
      "f1-score": 0.46153846153846156,
      "support": 100.0
    },
    "5": {
      "precision": 0.6428571428571429,
      "recall": 0.5625,
      "f1-score": 0.6,
      "support": 96.0
    },
    "6": {
      "precision": 1.0,
      "recall": 0.7714285714285715,
      "f1-score": 0.8709677419354839,
      "support": 35.0
    },
    "7": {
      "precision": 0.265625,
      "recall": 0.14166666666666666,
      "f1-score": 0.18478260869565216,
      "support": 120.0
    },
    "8": {
      "precision": 0.8493150684931506,
      "recall": 0.7209302325581395,
      "f1-score": 0.779874213836478,
      "support": 86.0
    },
    "9": {
      "precision": 0.6153846153846154,
      "recall": 0.72,
      "f1-score": 0.663594470046083,
      "support": 100.0
    },
    "accuracy": 0.565864833906071,
    "macro avg": {
      "precision": 0.6311344941355129,
      "recall": 0.6140969915097823,
      "f1-score": 0.6119631698167163,
      "support": 873.0
    },
    "weighted avg": {
      "precision": 0.5724192402181482,
      "recall": 0.565864833906071,
      "f1-score": 0.5577512817414678,
      "support": 873.0
    }
  },
  "config": {
    "folds": {
      "train": [
        2,
        3,
        4,
        5,
        6,
        7,
        8,
        9
      ],
      "val": 10,
      "test": 1
    },
    "audio": {
      "sr": 22050,
      "dur": 4.0,
      "n_mels": 64,
      "n_fft": 1024,
      "hop": 512,
      "log_db": true
    },
    "model": {
      "type": "GRU",
      "hidden": 64,
      "layers": 2,
      "bidir": true,
      "dropout": 0.18
    },
    "train": {
      "batch": 16,
      "epochs": 50,
      "lr": 0.0013,
      "dropout": 0.18,
      "early_stopping": {
        "monitor": "val_loss",
        "patience": 7,
        "min_delta": 0.001
      }
    },
    "device": "cpu"
  }
}