{
  "test_fold": 7,
  "val_fold": 6,
  "test_acc": 0.6957040572792362,
  "test_loss": 0.8978016805255188,
  "val_best_acc": 0.7691373025516404,
  "val_best_loss": 0.8466520645552709,
  "classification_report": {
    "0": {
      "precision": 0.46017699115044247,
      "recall": 0.52,
      "f1-score": 0.48826291079812206,
      "support": 100.0
    },
    "1": {
      "precision": 0.6153846153846154,
      "recall": 0.8571428571428571,
      "f1-score": 0.7164179104477612,
      "support": 28.0
    },
    "2": {
      "precision": 0.9166666666666666,
      "recall": 0.66,
      "f1-score": 0.7674418604651163,
      "support": 100.0
    },
    "3": {
      "precision": 0.8252427184466019,
      "recall": 0.85,
      "f1-score": 0.8374384236453202,
      "support": 100.0
    },
    "4": {
      "precision": 0.6491228070175439,
      "recall": 0.74,
      "f1-score": 0.6915887850467289,
      "support": 100.0
    },
    "5": {
      "precision": 0.7304347826086957,
      "recall": 0.7924528301886793,
      "f1-score": 0.7601809954751131,
      "support": 106.0
    },
    "6": {
      "precision": 1.0,
      "recall": 0.5686274509803921,
      "f1-score": 0.725,
      "support": 51.0
    },
    "7": {
      "precision": 0.3220338983050847,
      "recall": 0.25,
      "f1-score": 0.2814814814814815,
      "support": 76.0
    },
    "8": {
      "precision": 0.6132075471698113,
      "recall": 0.8441558441558441,
      "f1-score": 0.7103825136612022,
      "support": 77.0
    },
    "9": {
      "precision": 0.9659090909090909,
      "recall": 0.85,
      "f1-score": 0.9042553191489362,
      "support": 100.0
    },
    "accuracy": 0.6957040572792362,
    "macro avg": {
      "precision": 0.7098179117658552,
      "recall": 0.6932378982467773,
      "f1-score": 0.6882450200169782,
      "support": 838.0
    },
    "weighted avg": {
      "precision": 0.7148690226844719,
      "recall": 0.6957040572792362,
      "f1-score": 0.6952322948303423,
      "support": 838.0
    }
  }
}