{
  "test_fold": 3,
  "val_fold": 2,
  "test_acc": 0.6583783783783784,
  "test_loss": 0.9089483633830115,
  "val_best_acc": 0.7533783783783784,
  "val_best_loss": 0.6957056853321514,
  "classification_report": {
    "0": {
      "precision": 0.5531914893617021,
      "recall": 0.52,
      "f1-score": 0.5360824742268041,
      "support": 100.0
    },
    "1": {
      "precision": 0.9285714285714286,
      "recall": 0.9069767441860465,
      "f1-score": 0.9176470588235294,
      "support": 43.0
    },
    "2": {
      "precision": 0.7777777777777778,
      "recall": 0.7,
      "f1-score": 0.7368421052631579,
      "support": 100.0
    },
    "3": {
      "precision": 0.918918918918919,
      "recall": 0.68,
      "f1-score": 0.7816091954022989,
      "support": 100.0
    },
    "4": {
      "precision": 0.559322033898305,
      "recall": 0.66,
      "f1-score": 0.6055045871559633,
      "support": 100.0
    },
    "5": {
      "precision": 0.53125,
      "recall": 0.4766355140186916,
      "f1-score": 0.5024630541871922,
      "support": 107.0
    },
    "6": {
      "precision": 0.7391304347826086,
      "recall": 0.9444444444444444,
      "f1-score": 0.8292682926829268,
      "support": 36.0
    },
    "7": {
      "precision": 0.49606299212598426,
      "recall": 0.525,
      "f1-score": 0.5101214574898786,
      "support": 120.0
    },
    "8": {
      "precision": 0.6265060240963856,
      "recall": 0.8739495798319328,
      "f1-score": 0.7298245614035088,
      "support": 119.0
    },
    "9": {
      "precision": 0.8611111111111112,
      "recall": 0.62,
      "f1-score": 0.7209302325581395,
      "support": 100.0
    },
    "accuracy": 0.6583783783783784,
    "macro avg": {
      "precision": 0.6991842210644222,
      "recall": 0.6907006282481116,
      "f1-score": 0.6870293019193399,
      "support": 925.0
    },
    "weighted avg": {
      "precision": 0.6751296498487729,
      "recall": 0.6583783783783784,
      "f1-score": 0.6586341470599633,
      "support": 925.0
    }
  }
}