{
  "test_fold": 10,
  "val_fold": 9,
  "test_acc": 0.7060931899641577,
  "test_loss": 0.8339123947651319,
  "val_best_acc": 0.7132352941176471,
  "val_best_loss": 0.8546219868539814,
  "classification_report": {
    "0": {
      "precision": 0.6027397260273972,
      "recall": 0.44,
      "f1-score": 0.5086705202312138,
      "support": 100.0
    },
    "1": {
      "precision": 0.8,
      "recall": 0.6060606060606061,
      "f1-score": 0.6896551724137931,
      "support": 33.0
    },
    "2": {
      "precision": 0.5853658536585366,
      "recall": 0.72,
      "f1-score": 0.6457399103139013,
      "support": 100.0
    },
    "3": {
      "precision": 0.875,
      "recall": 0.56,
      "f1-score": 0.6829268292682927,
      "support": 100.0
    },
    "4": {
      "precision": 0.7755102040816326,
      "recall": 0.76,
      "f1-score": 0.7676767676767676,
      "support": 100.0
    },
    "5": {
      "precision": 0.6097560975609756,
      "recall": 0.8064516129032258,
      "f1-score": 0.6944444444444444,
      "support": 93.0
    },
    "6": {
      "precision": 0.64,
      "recall": 1.0,
      "f1-score": 0.7804878048780488,
      "support": 32.0
    },
    "7": {
      "precision": 0.7843137254901961,
      "recall": 0.8333333333333334,
      "f1-score": 0.8080808080808081,
      "support": 96.0
    },
    "8": {
      "precision": 0.7246376811594203,
      "recall": 0.6024096385542169,
      "f1-score": 0.6578947368421053,
      "support": 83.0
    },
    "9": {
      "precision": 0.7818181818181819,
      "recall": 0.86,
      "f1-score": 0.819047619047619,
      "support": 100.0
    },
    "accuracy": 0.7060931899641577,
    "macro avg": {
      "precision": 0.7179141469796341,
      "recall": 0.7188255190851384,
      "f1-score": 0.7054624613196994,
      "support": 837.0
    },
    "weighted avg": {
      "precision": 0.718123965131465,
      "recall": 0.7060931899641577,
      "f1-score": 0.7012004171642985,
      "support": 837.0
    }
  }
}