{
  "test_fold": 6,
  "val_fold": 5,
  "test_acc": 0.7205346294046172,
  "test_loss": 1.1387289905060942,
  "val_best_acc": 0.7681623931623932,
  "val_best_loss": 0.7095687056820587,
  "classification_report": {
    "0": {
      "precision": 0.36363636363636365,
      "recall": 0.4,
      "f1-score": 0.38095238095238093,
      "support": 100.0
    },
    "1": {
      "precision": 0.8181818181818182,
      "recall": 0.6428571428571429,
      "f1-score": 0.72,
      "support": 28.0
    },
    "2": {
      "precision": 0.7520661157024794,
      "recall": 0.91,
      "f1-score": 0.8235294117647058,
      "support": 100.0
    },
    "3": {
      "precision": 0.9285714285714286,
      "recall": 0.78,
      "f1-score": 0.8478260869565217,
      "support": 100.0
    },
    "4": {
      "precision": 0.8571428571428571,
      "recall": 0.72,
      "f1-score": 0.782608695652174,
      "support": 100.0
    },
    "5": {
      "precision": 0.881578947368421,
      "recall": 0.6261682242990654,
      "f1-score": 0.73224043715847,
      "support": 107.0
    },
    "6": {
      "precision": 0.9583333333333334,
      "recall": 1.0,
      "f1-score": 0.9787234042553191,
      "support": 46.0
    },
    "7": {
      "precision": 0.47058823529411764,
      "recall": 0.7058823529411765,
      "f1-score": 0.5647058823529412,
      "support": 68.0
    },
    "8": {
      "precision": 0.7611940298507462,
      "recall": 0.6891891891891891,
      "f1-score": 0.723404255319149,
      "support": 74.0
    },
    "9": {
      "precision": 0.7522935779816514,
      "recall": 0.82,
      "f1-score": 0.784688995215311,
      "support": 100.0
    },
    "accuracy": 0.7205346294046172,
    "macro avg": {
      "precision": 0.7543586707063217,
      "recall": 0.7294096909286575,
      "f1-score": 0.7338679549626973,
      "support": 823.0
    },
    "weighted avg": {
      "precision": 0.7472913294329021,
      "recall": 0.7205346294046172,
      "f1-score": 0.7259094475327184,
      "support": 823.0
    }
  }
}