{
  "test_fold": 2,
  "val_fold": 1,
  "test_acc": 0.6801801801801802,
  "test_loss": 0.9278194780594536,
  "val_best_acc": 0.7640320733104238,
  "val_best_loss": 0.7079896240516311,
  "classification_report": {
    "0": {
      "precision": 0.6761904761904762,
      "recall": 0.71,
      "f1-score": 0.6926829268292682,
      "support": 100.0
    },
    "1": {
      "precision": 0.7586206896551724,
      "recall": 0.5238095238095238,
      "f1-score": 0.6197183098591549,
      "support": 42.0
    },
    "2": {
      "precision": 0.782608695652174,
      "recall": 0.9,
      "f1-score": 0.8372093023255814,
      "support": 100.0
    },
    "3": {
      "precision": 0.7327586206896551,
      "recall": 0.85,
      "f1-score": 0.7870370370370371,
      "support": 100.0
    },
    "4": {
      "precision": 0.8292682926829268,
      "recall": 0.68,
      "f1-score": 0.7472527472527473,
      "support": 100.0
    },
    "5": {
      "precision": 0.3225806451612903,
      "recall": 0.4,
      "f1-score": 0.35714285714285715,
      "support": 100.0
    },
    "6": {
      "precision": 0.9655172413793104,
      "recall": 0.8,
      "f1-score": 0.875,
      "support": 35.0
    },
    "7": {
      "precision": 0.6065573770491803,
      "recall": 0.30833333333333335,
      "f1-score": 0.4088397790055249,
      "support": 120.0
    },
    "8": {
      "precision": 0.7070707070707071,
      "recall": 0.7692307692307693,
      "f1-score": 0.7368421052631579,
      "support": 91.0
    },
    "9": {
      "precision": 0.7265625,
      "recall": 0.93,
      "f1-score": 0.8157894736842105,
      "support": 100.0
    },
    "accuracy": 0.6801801801801802,
    "macro avg": {
      "precision": 0.7107735245530893,
      "recall": 0.6871373626373626,
      "f1-score": 0.6877514538399538,
      "support": 888.0
    },
    "weighted avg": {
      "precision": 0.6866919088297087,
      "recall": 0.6801801801801802,
      "f1-score": 0.6717094690325056,
      "support": 888.0
    }
  }
}