{
  "test_fold": 4,
  "val_fold": 3,
  "test_acc": 0.692929292929293,
  "test_loss": 0.8953553993375071,
  "val_best_acc": 0.6335135135135135,
  "val_best_loss": 1.0027733100899334,
  "classification_report": {
    "0": {
      "precision": 0.44666666666666666,
      "recall": 0.67,
      "f1-score": 0.536,
      "support": 100.0
    },
    "1": {
      "precision": 0.5636363636363636,
      "recall": 0.5254237288135594,
      "f1-score": 0.543859649122807,
      "support": 59.0
    },
    "2": {
      "precision": 0.8125,
      "recall": 0.65,
      "f1-score": 0.7222222222222222,
      "support": 100.0
    },
    "3": {
      "precision": 0.8111111111111111,
      "recall": 0.73,
      "f1-score": 0.7684210526315789,
      "support": 100.0
    },
    "4": {
      "precision": 0.6341463414634146,
      "recall": 0.78,
      "f1-score": 0.6995515695067265,
      "support": 100.0
    },
    "5": {
      "precision": 0.7264957264957265,
      "recall": 0.794392523364486,
      "f1-score": 0.7589285714285714,
      "support": 107.0
    },
    "6": {
      "precision": 0.8260869565217391,
      "recall": 0.5,
      "f1-score": 0.6229508196721312,
      "support": 38.0
    },
    "7": {
      "precision": 0.6338028169014085,
      "recall": 0.375,
      "f1-score": 0.4712041884816754,
      "support": 120.0
    },
    "8": {
      "precision": 0.8206521739130435,
      "recall": 0.9096385542168675,
      "f1-score": 0.8628571428571429,
      "support": 166.0
    },
    "9": {
      "precision": 0.7422680412371134,
      "recall": 0.72,
      "f1-score": 0.7309644670050761,
      "support": 100.0
    },
    "accuracy": 0.692929292929293,
    "macro avg": {
      "precision": 0.7017366197946587,
      "recall": 0.6654454806394912,
      "f1-score": 0.6716959682927932,
      "support": 990.0
    },
    "weighted avg": {
      "precision": 0.7063986944272516,
      "recall": 0.692929292929293,
      "f1-score": 0.6893534616740311,
      "support": 990.0
    }
  }
}