{
  "test_fold": 1,
  "val_fold": 10,
  "test_acc": 0.7010309278350515,
  "test_loss": 1.0485378244265369,
  "val_best_acc": 0.7945041816009558,
  "val_best_loss": 0.6810243896533787,
  "classification_report": {
    "0": {
      "precision": 0.6124031007751938,
      "recall": 0.79,
      "f1-score": 0.6899563318777293,
      "support": 100.0
    },
    "1": {
      "precision": 0.8235294117647058,
      "recall": 0.7777777777777778,
      "f1-score": 0.8,
      "support": 36.0
    },
    "2": {
      "precision": 0.8829787234042553,
      "recall": 0.83,
      "f1-score": 0.8556701030927835,
      "support": 100.0
    },
    "3": {
      "precision": 0.7321428571428571,
      "recall": 0.82,
      "f1-score": 0.7735849056603774,
      "support": 100.0
    },
    "4": {
      "precision": 0.4539877300613497,
      "recall": 0.74,
      "f1-score": 0.5627376425855514,
      "support": 100.0
    },
    "5": {
      "precision": 0.8409090909090909,
      "recall": 0.3854166666666667,
      "f1-score": 0.5285714285714286,
      "support": 96.0
    },
    "6": {
      "precision": 0.7021276595744681,
      "recall": 0.9428571428571428,
      "f1-score": 0.8048780487804879,
      "support": 35.0
    },
    "7": {
      "precision": 0.8852459016393442,
      "recall": 0.45,
      "f1-score": 0.5966850828729282,
      "support": 120.0
    },
    "8": {
      "precision": 0.6875,
      "recall": 0.8953488372093024,
      "f1-score": 0.7777777777777778,
      "support": 86.0
    },
    "9": {
      "precision": 0.8441558441558441,
      "recall": 0.65,
      "f1-score": 0.7344632768361582,
      "support": 100.0
    },
    "accuracy": 0.7010309278350515,
    "macro avg": {
      "precision": 0.7464980319427109,
      "recall": 0.7281400424510889,
      "f1-score": 0.7124324598055223,
      "support": 873.0
    },
    "weighted avg": {
      "precision": 0.7478466590911566,
      "recall": 0.7010309278350515,
      "f1-score": 0.6962725242715629,
      "support": 873.0
    }
  }
}