{
  "test_fold": 5,
  "val_fold": 4,
  "test_acc": 0.6517094017094017,
  "test_loss": 0.9670790627567192,
  "val_best_acc": 0.6919191919191919,
  "val_best_loss": 0.9509417794404491,
  "classification_report": {
    "0": {
      "precision": 0.6144578313253012,
      "recall": 0.51,
      "f1-score": 0.5573770491803278,
      "support": 100.0
    },
    "1": {
      "precision": 0.6086956521739131,
      "recall": 0.42857142857142855,
      "f1-score": 0.5029940119760479,
      "support": 98.0
    },
    "2": {
      "precision": 0.8620689655172413,
      "recall": 0.5,
      "f1-score": 0.6329113924050633,
      "support": 100.0
    },
    "3": {
      "precision": 0.6947368421052632,
      "recall": 0.66,
      "f1-score": 0.676923076923077,
      "support": 100.0
    },
    "4": {
      "precision": 0.5503875968992248,
      "recall": 0.71,
      "f1-score": 0.6200873362445415,
      "support": 100.0
    },
    "5": {
      "precision": 0.620253164556962,
      "recall": 0.45794392523364486,
      "f1-score": 0.5268817204301075,
      "support": 107.0
    },
    "6": {
      "precision": 0.8378378378378378,
      "recall": 0.775,
      "f1-score": 0.8051948051948052,
      "support": 40.0
    },
    "7": {
      "precision": 0.5841584158415841,
      "recall": 0.9833333333333333,
      "f1-score": 0.7329192546583851,
      "support": 120.0
    },
    "8": {
      "precision": 0.9772727272727273,
      "recall": 0.6056338028169014,
      "f1-score": 0.7478260869565218,
      "support": 71.0
    },
    "9": {
      "precision": 0.6357142857142857,
      "recall": 0.89,
      "f1-score": 0.7416666666666667,
      "support": 100.0
    },
    "accuracy": 0.6517094017094017,
    "macro avg": {
      "precision": 0.6985583319244342,
      "recall": 0.6520482489955308,
      "f1-score": 0.6544781400635544,
      "support": 936.0
    },
    "weighted avg": {
      "precision": 0.678156732614997,
      "recall": 0.6517094017094017,
      "f1-score": 0.6429701542119158,
      "support": 936.0
    }
  }
}