{
  "test_fold": 8,
  "val_fold": 7,
  "test_acc": 0.6662531017369727,
  "test_loss": 1.6355117338609098,
  "val_best_acc": 0.7159904534606205,
  "val_best_loss": 0.7480507830755329,
  "classification_report": {
    "0": {
      "precision": 0.7948717948717948,
      "recall": 0.31,
      "f1-score": 0.4460431654676259,
      "support": 100.0
    },
    "1": {
      "precision": 0.9230769230769231,
      "recall": 0.8,
      "f1-score": 0.8571428571428571,
      "support": 30.0
    },
    "2": {
      "precision": 0.6530612244897959,
      "recall": 0.64,
      "f1-score": 0.6464646464646465,
      "support": 100.0
    },
    "3": {
      "precision": 0.8349514563106796,
      "recall": 0.86,
      "f1-score": 0.8472906403940886,
      "support": 100.0
    },
    "4": {
      "precision": 0.6049382716049383,
      "recall": 0.98,
      "f1-score": 0.7480916030534351,
      "support": 100.0
    },
    "5": {
      "precision": 0.6781609195402298,
      "recall": 0.6704545454545454,
      "f1-score": 0.6742857142857143,
      "support": 88.0
    },
    "6": {
      "precision": 0.8571428571428571,
      "recall": 1.0,
      "f1-score": 0.9230769230769231,
      "support": 30.0
    },
    "7": {
      "precision": 0.5357142857142857,
      "recall": 0.38461538461538464,
      "f1-score": 0.44776119402985076,
      "support": 78.0
    },
    "8": {
      "precision": 0.35714285714285715,
      "recall": 0.5,
      "f1-score": 0.4166666666666667,
      "support": 80.0
    },
    "9": {
      "precision": 0.8522727272727273,
      "recall": 0.75,
      "f1-score": 0.7978723404255319,
      "support": 100.0
    },
    "accuracy": 0.6662531017369727,
    "macro avg": {
      "precision": 0.7091333317167089,
      "recall": 0.689506993006993,
      "f1-score": 0.680469575100734,
      "support": 806.0
    },
    "weighted avg": {
      "precision": 0.6916271025288712,
      "recall": 0.6662531017369727,
      "f1-score": 0.657045511553264,
      "support": 806.0
    }
  }
}