{
  "test_fold": 9,
  "val_fold": 8,
  "test_acc": 0.7450980392156863,
  "test_loss": 0.8994271670121188,
  "val_best_acc": 0.7245657568238213,
  "val_best_loss": 1.1077005334618484,
  "classification_report": {
    "0": {
      "precision": 0.41818181818181815,
      "recall": 0.23,
      "f1-score": 0.2967741935483871,
      "support": 100.0
    },
    "1": {
      "precision": 0.7368421052631579,
      "recall": 0.875,
      "f1-score": 0.8,
      "support": 32.0
    },
    "2": {
      "precision": 0.8977272727272727,
      "recall": 0.79,
      "f1-score": 0.8404255319148937,
      "support": 100.0
    },
    "3": {
      "precision": 0.6015625,
      "recall": 0.77,
      "f1-score": 0.6754385964912281,
      "support": 100.0
    },
    "4": {
      "precision": 0.9210526315789473,
      "recall": 0.7,
      "f1-score": 0.7954545454545454,
      "support": 100.0
    },
    "5": {
      "precision": 0.6666666666666666,
      "recall": 0.7415730337078652,
      "f1-score": 0.7021276595744681,
      "support": 89.0
    },
    "6": {
      "precision": 1.0,
      "recall": 0.6774193548387096,
      "f1-score": 0.8076923076923077,
      "support": 31.0
    },
    "7": {
      "precision": 0.7281553398058253,
      "recall": 0.9146341463414634,
      "f1-score": 0.8108108108108109,
      "support": 82.0
    },
    "8": {
      "precision": 0.8181818181818182,
      "recall": 0.9878048780487805,
      "f1-score": 0.8950276243093923,
      "support": 82.0
    },
    "9": {
      "precision": 0.8073394495412844,
      "recall": 0.88,
      "f1-score": 0.8421052631578947,
      "support": 100.0
    },
    "accuracy": 0.7450980392156863,
    "macro avg": {
      "precision": 0.7595709601946791,
      "recall": 0.7566431412936819,
      "f1-score": 0.7465856532953927,
      "support": 816.0
    },
    "weighted avg": {
      "precision": 0.7417871260535214,
      "recall": 0.7450980392156863,
      "f1-score": 0.7328754754621823,
      "support": 816.0
    }
  }
}