{
  "model": "cnn",
  "acc_mean": 0.6917911198632974,
  "acc_std": 0.028837295456327787,
  "folds": [
    1,
    2,
    3,
    4,
    5,
    6,
    7,
    8,
    9,
    10
  ]
}