{
  "test": {
    "acc": 0.6597938144329897,
    "loss": 1.1126434734599158
  },
  "best_val": {
    "acc": 0.6451612903225806,
    "loss": 1.0343026621442921
  },
  "confusion_matrix": [
    [
      38,
      0,
      4,
      5,
      9,
      13,
      0,
      30,
      1,
      0
    ],
    [
      0,
      25,
      0,
      0,
      0,
      0,
      6,
      0,
      0,
      5
    ],
    [
      7,
      0,
      51,
      6,
      2,
      0,
      0,
      0,
      1,
      33
    ],
    [
      5,
      1,
      4,
      63,
      2,
      2,
      12,
      2,
      7,
      2
    ],
    [
      6,
      1,
      1,
      0,
      81,
      0,
      2,
      3,
      6,
      0
    ],
    [
      1,
      0,
      0,
      0,
      31,
      38,
      0,
      23,
      3,
      0
    ],
    [
      0,
      5,
      0,
      0,
      2,
      1,
      24,
      3,
      0,
      0
    ],
    [
      2,
      0,
      0,
      0,
      1,
      1,
      0,
      116,
      0,
      0
    ],
    [
      6,
      0,
      4,
      0,
      2,
      5,
      0,
      0,
      68,
      1
    ],
    [
      8,
      5,
      0,
      0,
      3,
      1,
      0,
      3,
      8,
      72
    ]
  ],
  "classification_report": {
    "0": {
      "precision": 0.5205479452054794,
      "recall": 0.38,
      "f1-score": 0.4393063583815029,
      "support": 100.0
    },
    "1": {
      "precision": 0.6756756756756757,
      "recall": 0.6944444444444444,
      "f1-score": 0.684931506849315,
      "support": 36.0
    },
    "2": {
      "precision": 0.796875,
      "recall": 0.51,
      "f1-score": 0.6219512195121951,
      "support": 100.0
    },
    "3": {
      "precision": 0.8513513513513513,
      "recall": 0.63,
      "f1-score": 0.7241379310344828,
      "support": 100.0
    },
    "4": {
      "precision": 0.6090225563909775,
      "recall": 0.81,
      "f1-score": 0.6952789699570815,
      "support": 100.0
    },
    "5": {
      "precision": 0.6229508196721312,
      "recall": 0.3958333333333333,
      "f1-score": 0.4840764331210191,
      "support": 96.0
    },
    "6": {
      "precision": 0.5454545454545454,
      "recall": 0.6857142857142857,
      "f1-score": 0.6075949367088608,
      "support": 35.0
    },
    "7": {
      "precision": 0.6444444444444445,
      "recall": 0.9666666666666667,
      "f1-score": 0.7733333333333333,
      "support": 120.0
    },
    "8": {
      "precision": 0.723404255319149,
      "recall": 0.7906976744186046,
      "f1-score": 0.7555555555555555,
      "support": 86.0
    },
    "9": {
      "precision": 0.6371681415929203,
      "recall": 0.72,
      "f1-score": 0.676056338028169,
      "support": 100.0
    },
    "accuracy": 0.6597938144329897,
    "macro avg": {
      "precision": 0.6626894735106675,
      "recall": 0.6583356404577334,
      "f1-score": 0.6462222582481515,
      "support": 873.0
    },
    "weighted avg": {
      "precision": 0.6692567134577445,
      "recall": 0.6597938144329897,
      "f1-score": 0.648162146712628,
      "support": 873.0
    }
  }
}