{
  "test_fold": 4,
  "val_fold": 3,
  "test_acc": 0.5727272727272728,
  "test_loss": 1.2496174427290117,
  "val_best_acc": 0.5891891891891892,
  "val_best_loss": 1.182502786628902,
  "classification_report": {
    "0": {
      "precision": 0.48936170212765956,
      "recall": 0.23,
      "f1-score": 0.3129251700680272,
      "support": 100.0
    },
    "1": {
      "precision": 1.0,
      "recall": 0.1694915254237288,
      "f1-score": 0.2898550724637681,
      "support": 59.0
    },
    "2": {
      "precision": 0.5503875968992248,
      "recall": 0.71,
      "f1-score": 0.6200873362445415,
      "support": 100.0
    },
    "3": {
      "precision": 0.6186440677966102,
      "recall": 0.73,
      "f1-score": 0.6697247706422018,
      "support": 100.0
    },
    "4": {
      "precision": 0.7941176470588235,
      "recall": 0.54,
      "f1-score": 0.6428571428571429,
      "support": 100.0
    },
    "5": {
      "precision": 0.4635416666666667,
      "recall": 0.8317757009345794,
      "f1-score": 0.5953177257525084,
      "support": 107.0
    },
    "6": {
      "precision": 0.5,
      "recall": 0.631578947368421,
      "f1-score": 0.5581395348837209,
      "support": 38.0
    },
    "7": {
      "precision": 0.45081967213114754,
      "recall": 0.4583333333333333,
      "f1-score": 0.45454545454545453,
      "support": 120.0
    },
    "8": {
      "precision": 0.6931216931216931,
      "recall": 0.7891566265060241,
      "f1-score": 0.7380281690140845,
      "support": 166.0
    },
    "9": {
      "precision": 0.5522388059701493,
      "recall": 0.37,
      "f1-score": 0.4431137724550898,
      "support": 100.0
    },
    "accuracy": 0.5727272727272728,
    "macro avg": {
      "precision": 0.6112232851771975,
      "recall": 0.5460336133566087,
      "f1-score": 0.532459414892654,
      "support": 990.0
    },
    "weighted avg": {
      "precision": 0.6032631333661806,
      "recall": 0.5727272727272728,
      "f1-score": 0.5534734324090455,
      "support": 990.0
    }
  }
}