{
  "test_fold": 1,
  "val_fold": 10,
  "test_acc": 0.6380297823596792,
  "test_loss": 1.1380698652430015,
  "val_best_acc": 0.6941457586618877,
  "val_best_loss": 0.9061122115631148,
  "classification_report": {
    "0": {
      "precision": 0.36363636363636365,
      "recall": 0.36,
      "f1-score": 0.36180904522613067,
      "support": 100.0
    },
    "1": {
      "precision": 0.8529411764705882,
      "recall": 0.8055555555555556,
      "f1-score": 0.8285714285714286,
      "support": 36.0
    },
    "2": {
      "precision": 0.7674418604651163,
      "recall": 0.66,
      "f1-score": 0.7096774193548387,
      "support": 100.0
    },
    "3": {
      "precision": 0.8,
      "recall": 0.76,
      "f1-score": 0.7794871794871795,
      "support": 100.0
    },
    "4": {
      "precision": 0.47368421052631576,
      "recall": 0.63,
      "f1-score": 0.5407725321888412,
      "support": 100.0
    },
    "5": {
      "precision": 0.8070175438596491,
      "recall": 0.4791666666666667,
      "f1-score": 0.6013071895424836,
      "support": 96.0
    },
    "6": {
      "precision": 0.66,
      "recall": 0.9428571428571428,
      "f1-score": 0.7764705882352941,
      "support": 35.0
    },
    "7": {
      "precision": 0.4961832061068702,
      "recall": 0.5416666666666666,
      "f1-score": 0.5179282868525896,
      "support": 120.0
    },
    "8": {
      "precision": 0.7849462365591398,
      "recall": 0.8488372093023255,
      "f1-score": 0.8156424581005587,
      "support": 86.0
    },
    "9": {
      "precision": 0.7368421052631579,
      "recall": 0.7,
      "f1-score": 0.717948717948718,
      "support": 100.0
    },
    "accuracy": 0.6380297823596792,
    "macro avg": {
      "precision": 0.6742692702887201,
      "recall": 0.6728083241048357,
      "f1-score": 0.6649614845508063,
      "support": 873.0
    },
    "weighted avg": {
      "precision": 0.6557701965973347,
      "recall": 0.6380297823596792,
      "f1-score": 0.639171440380773,
      "support": 873.0
    }
  }
}