{
  "test_fold": 10,
  "val_fold": 9,
  "test_acc": 0.6224611708482676,
  "test_loss": 1.0171161460567195,
  "val_best_acc": 0.6727941176470589,
  "val_best_loss": 1.0749116810951747,
  "classification_report": {
    "0": {
      "precision": 0.4230769230769231,
      "recall": 0.33,
      "f1-score": 0.3707865168539326,
      "support": 100.0
    },
    "1": {
      "precision": 0.8571428571428571,
      "recall": 0.36363636363636365,
      "f1-score": 0.5106382978723404,
      "support": 33.0
    },
    "2": {
      "precision": 0.616822429906542,
      "recall": 0.66,
      "f1-score": 0.6376811594202898,
      "support": 100.0
    },
    "3": {
      "precision": 0.7435897435897436,
      "recall": 0.58,
      "f1-score": 0.651685393258427,
      "support": 100.0
    },
    "4": {
      "precision": 0.626984126984127,
      "recall": 0.79,
      "f1-score": 0.6991150442477876,
      "support": 100.0
    },
    "5": {
      "precision": 0.46236559139784944,
      "recall": 0.9247311827956989,
      "f1-score": 0.6164874551971327,
      "support": 93.0
    },
    "6": {
      "precision": 0.8421052631578947,
      "recall": 1.0,
      "f1-score": 0.9142857142857143,
      "support": 32.0
    },
    "7": {
      "precision": 0.6067415730337079,
      "recall": 0.5625,
      "f1-score": 0.5837837837837838,
      "support": 96.0
    },
    "8": {
      "precision": 0.8043478260869565,
      "recall": 0.4457831325301205,
      "f1-score": 0.5736434108527132,
      "support": 83.0
    },
    "9": {
      "precision": 0.8533333333333334,
      "recall": 0.64,
      "f1-score": 0.7314285714285714,
      "support": 100.0
    },
    "accuracy": 0.6224611708482676,
    "macro avg": {
      "precision": 0.6836509667709935,
      "recall": 0.6296650678962183,
      "f1-score": 0.6289535347200693,
      "support": 837.0
    },
    "weighted avg": {
      "precision": 0.6566568685451459,
      "recall": 0.6224611708482676,
      "f1-score": 0.6166868039249493,
      "support": 837.0
    }
  }
}