{
  "test_fold": 8,
  "val_fold": 7,
  "test_acc": 0.6017369727047146,
  "test_loss": 1.2425187259328132,
  "val_best_acc": 0.6933174224343676,
  "val_best_loss": 0.9007267547103593,
  "classification_report": {
    "0": {
      "precision": 0.08695652173913043,
      "recall": 0.02,
      "f1-score": 0.032520325203252036,
      "support": 100.0
    },
    "1": {
      "precision": 0.5121951219512195,
      "recall": 0.7,
      "f1-score": 0.5915492957746479,
      "support": 30.0
    },
    "2": {
      "precision": 0.6101694915254238,
      "recall": 0.72,
      "f1-score": 0.6605504587155964,
      "support": 100.0
    },
    "3": {
      "precision": 0.8118811881188119,
      "recall": 0.82,
      "f1-score": 0.8159203980099502,
      "support": 100.0
    },
    "4": {
      "precision": 0.5693430656934306,
      "recall": 0.78,
      "f1-score": 0.6582278481012658,
      "support": 100.0
    },
    "5": {
      "precision": 0.5081967213114754,
      "recall": 0.7045454545454546,
      "f1-score": 0.5904761904761905,
      "support": 88.0
    },
    "6": {
      "precision": 0.6976744186046512,
      "recall": 1.0,
      "f1-score": 0.821917808219178,
      "support": 30.0
    },
    "7": {
      "precision": 0.40816326530612246,
      "recall": 0.2564102564102564,
      "f1-score": 0.31496062992125984,
      "support": 78.0
    },
    "8": {
      "precision": 0.6785714285714286,
      "recall": 0.7125,
      "f1-score": 0.6951219512195121,
      "support": 80.0
    },
    "9": {
      "precision": 0.6931818181818182,
      "recall": 0.61,
      "f1-score": 0.648936170212766,
      "support": 100.0
    },
    "accuracy": 0.6017369727047146,
    "macro avg": {
      "precision": 0.5576333041003512,
      "recall": 0.6323455710955711,
      "f1-score": 0.5830181075853618,
      "support": 806.0
    },
    "weighted avg": {
      "precision": 0.5512320784088577,
      "recall": 0.6017369727047146,
      "f1-score": 0.5659530063739725,
      "support": 806.0
    }
  }
}