{
  "test_fold": 5,
  "val_fold": 4,
  "test_acc": 0.6282051282051282,
  "test_loss": 1.0530981593844244,
  "val_best_acc": 0.6474747474747474,
  "val_best_loss": 1.1154598785984902,
  "classification_report": {
    "0": {
      "precision": 0.41721854304635764,
      "recall": 0.63,
      "f1-score": 0.50199203187251,
      "support": 100.0
    },
    "1": {
      "precision": 0.7037037037037037,
      "recall": 0.3877551020408163,
      "f1-score": 0.5,
      "support": 98.0
    },
    "2": {
      "precision": 0.6881720430107527,
      "recall": 0.64,
      "f1-score": 0.6632124352331606,
      "support": 100.0
    },
    "3": {
      "precision": 0.8095238095238095,
      "recall": 0.51,
      "f1-score": 0.6257668711656442,
      "support": 100.0
    },
    "4": {
      "precision": 0.5137614678899083,
      "recall": 0.56,
      "f1-score": 0.5358851674641149,
      "support": 100.0
    },
    "5": {
      "precision": 0.6078431372549019,
      "recall": 0.2897196261682243,
      "f1-score": 0.3924050632911392,
      "support": 107.0
    },
    "6": {
      "precision": 0.851063829787234,
      "recall": 1.0,
      "f1-score": 0.9195402298850575,
      "support": 40.0
    },
    "7": {
      "precision": 0.6073298429319371,
      "recall": 0.9666666666666667,
      "f1-score": 0.7459807073954984,
      "support": 120.0
    },
    "8": {
      "precision": 0.8983050847457628,
      "recall": 0.7464788732394366,
      "f1-score": 0.8153846153846154,
      "support": 71.0
    },
    "9": {
      "precision": 0.6440677966101694,
      "recall": 0.76,
      "f1-score": 0.6972477064220184,
      "support": 100.0
    },
    "accuracy": 0.6282051282051282,
    "macro avg": {
      "precision": 0.6740989258504537,
      "recall": 0.6490620268115144,
      "f1-score": 0.6397414828113759,
      "support": 936.0
    },
    "weighted avg": {
      "precision": 0.653823012839325,
      "recall": 0.6282051282051282,
      "f1-score": 0.6170826546613958,
      "support": 936.0
    }
  }
}