{
  "test_fold": 7,
  "val_fold": 6,
  "test_acc": 0.5465393794749404,
  "test_loss": 1.2622095953743413,
  "val_best_acc": 0.5868772782503038,
  "val_best_loss": 1.162864020667397,
  "classification_report": {
    "0": {
      "precision": 0.03773584905660377,
      "recall": 0.02,
      "f1-score": 0.026143790849673203,
      "support": 100.0
    },
    "1": {
      "precision": 1.0,
      "recall": 0.4642857142857143,
      "f1-score": 0.6341463414634146,
      "support": 28.0
    },
    "2": {
      "precision": 0.6226415094339622,
      "recall": 0.33,
      "f1-score": 0.43137254901960786,
      "support": 100.0
    },
    "3": {
      "precision": 0.8857142857142857,
      "recall": 0.62,
      "f1-score": 0.7294117647058823,
      "support": 100.0
    },
    "4": {
      "precision": 0.7692307692307693,
      "recall": 0.4,
      "f1-score": 0.5263157894736842,
      "support": 100.0
    },
    "5": {
      "precision": 0.4397905759162304,
      "recall": 0.7924528301886793,
      "f1-score": 0.5656565656565656,
      "support": 106.0
    },
    "6": {
      "precision": 0.6,
      "recall": 0.5882352941176471,
      "f1-score": 0.594059405940594,
      "support": 51.0
    },
    "7": {
      "precision": 0.3858695652173913,
      "recall": 0.9342105263157895,
      "f1-score": 0.5461538461538461,
      "support": 76.0
    },
    "8": {
      "precision": 0.6666666666666666,
      "recall": 0.6233766233766234,
      "f1-score": 0.6442953020134228,
      "support": 77.0
    },
    "9": {
      "precision": 0.75,
      "recall": 0.75,
      "f1-score": 0.75,
      "support": 100.0
    },
    "accuracy": 0.5465393794749404,
    "macro avg": {
      "precision": 0.615764922123591,
      "recall": 0.5522560988284454,
      "f1-score": 0.544755535527669,
      "support": 838.0
    },
    "weighted avg": {
      "precision": 0.587600790788231,
      "recall": 0.5465393794749404,
      "f1-score": 0.5315698606099671,
      "support": 838.0
    }
  }
}