{
  "test_fold": 2,
  "val_fold": 1,
  "test_acc": 0.5664414414414415,
  "test_loss": 1.1221254616975784,
  "val_best_acc": 0.6265750286368843,
  "val_best_loss": 1.0224017530679703,
  "classification_report": {
    "0": {
      "precision": 0.39622641509433965,
      "recall": 0.42,
      "f1-score": 0.4077669902912621,
      "support": 100.0
    },
    "1": {
      "precision": 0.6060606060606061,
      "recall": 0.47619047619047616,
      "f1-score": 0.5333333333333333,
      "support": 42.0
    },
    "2": {
      "precision": 0.6126126126126126,
      "recall": 0.68,
      "f1-score": 0.6445497630331753,
      "support": 100.0
    },
    "3": {
      "precision": 0.9142857142857143,
      "recall": 0.64,
      "f1-score": 0.7529411764705882,
      "support": 100.0
    },
    "4": {
      "precision": 0.651685393258427,
      "recall": 0.58,
      "f1-score": 0.6137566137566137,
      "support": 100.0
    },
    "5": {
      "precision": 0.3954802259887006,
      "recall": 0.7,
      "f1-score": 0.5054151624548736,
      "support": 100.0
    },
    "6": {
      "precision": 0.43243243243243246,
      "recall": 0.9142857142857143,
      "f1-score": 0.5871559633027523,
      "support": 35.0
    },
    "7": {
      "precision": 0.42592592592592593,
      "recall": 0.19166666666666668,
      "f1-score": 0.26436781609195403,
      "support": 120.0
    },
    "8": {
      "precision": 0.7777777777777778,
      "recall": 0.5384615384615384,
      "f1-score": 0.6363636363636364,
      "support": 91.0
    },
    "9": {
      "precision": 0.6936936936936937,
      "recall": 0.77,
      "f1-score": 0.7298578199052133,
      "support": 100.0
    },
    "accuracy": 0.5664414414414415,
    "macro avg": {
      "precision": 0.5906180797130229,
      "recall": 0.5910604395604395,
      "f1-score": 0.5675508275003402,
      "support": 888.0
    },
    "weighted avg": {
      "precision": 0.5955821790224305,
      "recall": 0.5664414414414415,
      "f1-score": 0.5608248199852415,
      "support": 888.0
    }
  }
}