{
  "test_fold": 3,
  "val_fold": 2,
  "test_acc": 0.5318918918918919,
  "test_loss": 1.3831149303386439,
  "val_best_acc": 0.5855855855855856,
  "val_best_loss": 1.1293832534658057,
  "classification_report": {
    "0": {
      "precision": 0.18,
      "recall": 0.18,
      "f1-score": 0.18,
      "support": 100.0
    },
    "1": {
      "precision": 0.5652173913043478,
      "recall": 0.9069767441860465,
      "f1-score": 0.6964285714285714,
      "support": 43.0
    },
    "2": {
      "precision": 0.8133333333333334,
      "recall": 0.61,
      "f1-score": 0.6971428571428572,
      "support": 100.0
    },
    "3": {
      "precision": 0.8648648648648649,
      "recall": 0.64,
      "f1-score": 0.735632183908046,
      "support": 100.0
    },
    "4": {
      "precision": 0.47513812154696133,
      "recall": 0.86,
      "f1-score": 0.6120996441281139,
      "support": 100.0
    },
    "5": {
      "precision": 0.3157894736842105,
      "recall": 0.22429906542056074,
      "f1-score": 0.26229508196721313,
      "support": 107.0
    },
    "6": {
      "precision": 0.7435897435897436,
      "recall": 0.8055555555555556,
      "f1-score": 0.7733333333333333,
      "support": 36.0
    },
    "7": {
      "precision": 0.4021164021164021,
      "recall": 0.6333333333333333,
      "f1-score": 0.4919093851132686,
      "support": 120.0
    },
    "8": {
      "precision": 0.7532467532467533,
      "recall": 0.48739495798319327,
      "f1-score": 0.5918367346938775,
      "support": 119.0
    },
    "9": {
      "precision": 0.8222222222222222,
      "recall": 0.37,
      "f1-score": 0.5103448275862069,
      "support": 100.0
    },
    "accuracy": 0.5318918918918919,
    "macro avg": {
      "precision": 0.5935518305908839,
      "recall": 0.5717559656478689,
      "f1-score": 0.5551022619301487,
      "support": 925.0
    },
    "weighted avg": {
      "precision": 0.5819559333692954,
      "recall": 0.5318918918918919,
      "f1-score": 0.5284666500114664,
      "support": 925.0
    }
  }
}