{
  "test_fold": 6,
  "val_fold": 5,
  "test_acc": 0.6136087484811664,
  "test_loss": 1.0793833119364886,
  "val_best_acc": 0.5961538461538461,
  "val_best_loss": 1.0748785355333554,
  "classification_report": {
    "0": {
      "precision": 0.2463768115942029,
      "recall": 0.34,
      "f1-score": 0.2857142857142857,
      "support": 100.0
    },
    "1": {
      "precision": 0.8,
      "recall": 0.2857142857142857,
      "f1-score": 0.42105263157894735,
      "support": 28.0
    },
    "2": {
      "precision": 0.7155963302752294,
      "recall": 0.78,
      "f1-score": 0.7464114832535885,
      "support": 100.0
    },
    "3": {
      "precision": 0.8170731707317073,
      "recall": 0.67,
      "f1-score": 0.7362637362637363,
      "support": 100.0
    },
    "4": {
      "precision": 0.8533333333333334,
      "recall": 0.64,
      "f1-score": 0.7314285714285714,
      "support": 100.0
    },
    "5": {
      "precision": 0.71875,
      "recall": 0.6448598130841121,
      "f1-score": 0.6798029556650246,
      "support": 107.0
    },
    "6": {
      "precision": 0.6428571428571429,
      "recall": 0.9782608695652174,
      "f1-score": 0.7758620689655172,
      "support": 46.0
    },
    "7": {
      "precision": 0.5185185185185185,
      "recall": 0.20588235294117646,
      "f1-score": 0.29473684210526313,
      "support": 68.0
    },
    "8": {
      "precision": 0.9302325581395349,
      "recall": 0.5405405405405406,
      "f1-score": 0.6837606837606838,
      "support": 74.0
    },
    "9": {
      "precision": 0.49710982658959535,
      "recall": 0.86,
      "f1-score": 0.63003663003663,
      "support": 100.0
    },
    "accuracy": 0.6136087484811664,
    "macro avg": {
      "precision": 0.6739847692039265,
      "recall": 0.5945257861845332,
      "f1-score": 0.5985069888772248,
      "support": 823.0
    },
    "weighted avg": {
      "precision": 0.6633330429956503,
      "recall": 0.6136087484811664,
      "f1-score": 0.6122040238686653,
      "support": 823.0
    }
  }
}