{
  "test_fold": 9,
  "val_fold": 8,
  "test_acc": 0.5747549019607843,
  "test_loss": 1.2944017056302697,
  "val_best_acc": 0.6029776674937966,
  "val_best_loss": 1.3308027538598752,
  "classification_report": {
    "0": {
      "precision": 0.12121212121212122,
      "recall": 0.04,
      "f1-score": 0.06015037593984962,
      "support": 100.0
    },
    "1": {
      "precision": 0.7894736842105263,
      "recall": 0.46875,
      "f1-score": 0.5882352941176471,
      "support": 32.0
    },
    "2": {
      "precision": 0.5569620253164557,
      "recall": 0.88,
      "f1-score": 0.6821705426356589,
      "support": 100.0
    },
    "3": {
      "precision": 0.6185567010309279,
      "recall": 0.6,
      "f1-score": 0.6091370558375635,
      "support": 100.0
    },
    "4": {
      "precision": 0.9,
      "recall": 0.27,
      "f1-score": 0.4153846153846154,
      "support": 100.0
    },
    "5": {
      "precision": 0.5753424657534246,
      "recall": 0.9438202247191011,
      "f1-score": 0.7148936170212766,
      "support": 89.0
    },
    "6": {
      "precision": 0.4,
      "recall": 0.5806451612903226,
      "f1-score": 0.47368421052631576,
      "support": 31.0
    },
    "7": {
      "precision": 0.5681818181818182,
      "recall": 0.9146341463414634,
      "f1-score": 0.7009345794392523,
      "support": 82.0
    },
    "8": {
      "precision": 0.375,
      "recall": 0.25609756097560976,
      "f1-score": 0.30434782608695654,
      "support": 82.0
    },
    "9": {
      "precision": 0.77,
      "recall": 0.77,
      "f1-score": 0.77,
      "support": 100.0
    },
    "accuracy": 0.5747549019607843,
    "macro avg": {
      "precision": 0.5674728815705274,
      "recall": 0.5723947093326496,
      "f1-score": 0.5318938116989136,
      "support": 816.0
    },
    "weighted avg": {
      "precision": 0.5672581264628078,
      "recall": 0.5747549019607843,
      "f1-score": 0.530944470693495,
      "support": 816.0
    }
  }
}