{
  "model": "cnn",
  "acc_mean": 0.5896396690095286,
  "acc_std": 0.036309157314140875,
  "folds": [
    1,
    2,
    3,
    4,
    5,
    6,
    7,
    8,
    9,
    10
  ]
}